Workbook

Sheet README
A1: Service Case Data — Weeks 1–8 (2026-08-31 to 2026-10-25)
A2: SYNTHETIC DATA. Generated for practice only. Not real ASML or customer data.
A4: Field definitions
A5: Case_ID — unique service case number
A6: Open_Date / Close_Date — date opened / closed (blank Close_Date = still open)
A7: Status — Open or Closed as of 2026-10-25
A8: Priority — P1 tool down / P2 performance degraded / P3 routine
A9: Case_Type — why the case was opened
A10: Customer_Site — which customer fab
A11: Owner — engineer responsible
A12: Delay_Reason — filled only when the case is (or was) past its SLA target
A14: SLA_Table sheet — target days to close for each priority
... A18: Do not edit the original Cases sheet — keep it as the raw source.

Sheet Cases
A1: Case_ID | B1: Open_Date | C1: Close_Date | D1: Status | E1: Priority | F1: Case_Type | G1: Customer_Site | H1: Owner | I1: Delay_Reason
A2: CS-1001 | B2: 46265 | C2: 46266 | D2: Closed | E2: P2 | F2: Customer inquiry | G2: Fab C | H2: Chen
A3: CS-1002 | B3: 46265 | C3: 46266 | D3: Closed | E3: P2 | F3: Unscheduled repair | G3: Fab A | H3: Liu
A4: CS-1003 | B4: 46265 | C4: 46271 | D4: Closed | E4: P3 | F4: Unscheduled repair | G4: Fab C | H4: Wang
A5: CS-1004 | B5: 46266 | C5: 46272 | D5: Closed | E5: P3 | F5: Software / upgrade | G5: Fab B | H5: Wang
A6: CS-1005 | B6: 46266 | C6: 46268 | D6: Closed | E6: P2 | F6: Part replacement | G6: Fab B | H6: Chen
A7: CS-1006 | B7: 46266 | C7: 46268 | D7: Closed | E7: P1 | F7: Customer inquiry | G7: Fab C | H7: Lin
A8: CS-1007 | B8: 46266 | C8: 46267 | D8: Closed | E8: P2 | F8: Unscheduled repair | G8: Fab C | H8: Liu
A9: CS-1008 | B9: 46266 | C9: 46266 | D9: Closed | E9: P1 | F9: Preventive maintenance | G9: Fab A | H9: Tsai
A10: CS-1009 | B10: 46267 | C10: 46271 | D10: Closed | E10: P2 | F10: Part replacement | G10: Fab A | H10: Liu
A11: CS-1010 | B11: 46267 | C11: 46272 | D11: Closed | E11: P2 | F11: Preventive maintenance | G11: Fab C | H11: Chen
A12: CS-1011 | B12: 46268 | C12: 46282 | D12: Closed | E12: P3 | F12: Customer inquiry | G12: Fab A | H12: Chen | I12: Waiting for customer
A13: CS-1012 | B13: 46268 | C13: 46283 | D13: Closed | E13: P3 | F13: Unscheduled repair | G13: Fab A | H13: Huang | I13: Waiting for parts
A14: CS-1013 | B14: 46268 | C14: 46271 | D14: Closed | E14: P1 | F14: Software / upgrade | G14: Fab C | H14: Huang | I14: Waiting for parts
A15: CS-1014 | B15: 46268 | C15: 46269 | D15: Closed | E15: P2 | F15: Unscheduled repair | G15: Fab A | H15: Wang
A16: CS-1015 | B16: 46268 | C16: 46279 | D16: Closed | E16: P3 | F16: Part replacement | G16: Fab B | H16: Wang | I16: Waiting for engineer
A17: CS-1016 | B17: 46268 | C17: 46269 | D17: Closed | E17: P2 | F17: Part replacement | G17: Fab A | H17: Huang
A18: CS-1017 | B18: 46269 | C18: 46269 | D18: Closed | E18: P1 | F18: Unscheduled repair | G18: Fab A | H18: Lin
A19: CS-1018 | B19: 46269 | C19: 46275 | D19: Closed | E19: P3 | F19: Customer inquiry | G19: Fab C | H19: Wang
A20: CS-1019 | B20: 46269 | C20: 46276 | D20: Closed | E20: P3 | F20: Part replacement | G20: Fab A | H20: Lin
A21: CS-1020 | B21: 46269 | C21: 46271 | D21: Closed | E21: P1 | F21: Customer inquiry | G21: Fab C | H21: Huang
A22: CS-1021 | B22: 46269 | C22: 46279 | D22: Closed | E22: P3 | F22: Part replacement | G22: Fab C | H22: Lin
A23: CS-1022 | B23: 46269 | C23: 46278 | D23: Closed | E23: P3 | F23: Unscheduled repair | G23: Fab A | H23: Wang
A24: CS-1023 | B24: 46269 | C24: 46274 | D24: Closed | E24: P2 | F24: Preventive maintenance | G24: Fab C | H24: Tsai
A25: CS-1024 | B25: 46270 | C25: 46279 | D25: Closed | E25: P3 | F25: Preventive maintenance | G25: Fab C | H25: Chen
A26: CS-1025 | B26: 46270 | C26: 46277 | D26: Closed | E26: P3 | F26: Unscheduled repair | G26: Fab B | H26: Lin
A27: CS-1026 | B27: 46270 | C27: 46278 | D27: Closed | E27: P2 | F27: Customer inquiry | G27: Fab A | H27: Wang | I27: Waiting for parts
A28: CS-1027 | B28: 46271 | C28: 46280 | D28: Closed | E28: P3 | F28: Preventive maintenance | G28: Fab C | H28: Tsai
A29: CS-1028 | B29: 46271 | C29: 46280 | D29: Closed | E29: P3 | F29: Customer inquiry | G29: Fab B | H29: Liu
A30: CS-1029 | B30: 46271 | C30: 46287 | D30: Closed | E30: P3 | F30: Unscheduled repair | G30: Fab A | H30: Chen | I30: Waiting for parts
A31: CS-1030 | B31: 46271 | C31: 46277 | D31: Closed | E31: P2 | F31: Customer inquiry | G31: Fab A | H31: Lin | I31: waiting parts
A32: CS-1031 | B32: 46272 | C32: 46280 | D32: Closed | E32: P3 | F32: Part replacement | G32: Fab A | H32: Wang
A33: CS-1032 | B33: 46272 | C33: 46278 | D33: Closed | E33: P3 | F33: Part replacement | G33: Fab C | H33: Lin
A34: CS-1033 | B34: 46272 | C34: 46276 | D34: Closed | E34: P2 | F34: Part replacement | G34: Fab A | H34: Tsai
A35: CS-1034 | B35: 46272 | C35: 46277 | D35: Closed | E35: P2 | F35: Part replacement | G35: Fab B | H35: Liu
A36: CS-1035 | B36: 46272 | C36: 46273 | D36: Closed | E36: P1 | F36: Customer inquiry | G36: Fab A | H36: Lin
A37: CS-1036 | B37: 46272 | C37: 46273 | D37: Closed | E37: P1 | F37: Unscheduled repair | G37: Fab C | H37: Wang
A38: CS-1037 | B38: 46273 | C38: 46288 | D38: Closed | E38: P3 | F38: Customer inquiry | G38: Fab B | H38: Chen | I38: Escalated
A39: CS-1038 | B39: 46273 | C39: 46280 | D39: Closed | E39: P3 | F39: Customer inquiry | G39: Fab B | H39: Huang
A40: CS-1039 | B40: 46273 | C40: 46277 | D40: Closed | E40: P2 | F40: Part replacement | G40: Fab A | H40: Tsai
A41: CS-1040 | B41: 46273 | C41: 46273 | D41: Closed | E41: P1 | F41: Unscheduled repair | G41: Fab A | H41: Chen
A42: CS-1041 | B42: 46273 | C42: 46276 | D42: Closed | E42: P2 | F42: Part replacement | G42: Fab B | H42: Tsai
A43: CS-1041 | B43: 46273 | C43: 46276 | D43: Closed | E43: P2 | F43: Part replacement | G43: Fab B | H43: Tsai
A44: CS-1042 | B44: 46273 | C44: 46274 | D44: Closed | E44: P1 | F44: Software / upgrade | G44: Fab C | H44: Lin
A45: CS-1043 | B45: 46273 | C45: 46275 | D45: Closed | E45: P2 | F45: Preventive maintenance | G45: Fab A | H45: Lin
A46: CS-1044 | B46: 46273 | C46: 46282 | D46: Closed | E46: P3 | F46: Preventive maintenance | G46: Fab A | H46: Liu
A47: CS-1045 | B47: 46273 | C47: 46280 | D47: Closed | E47: P3 | F47: Software / upgrade | G47: Fab C | H47: Tsai
A48: CS-1046 | B48: 46273 | C48: 46283 | D48: Closed | E48: P2 | F48: Part replacement | G48: Fab B | H48: Tsai | I48: Waiting for customer
A49: CS-1047 | B49: 46274 | C49: 46283 | D49: Closed | E49: P2 | F49: Software / upgrade | G49: Fab B | H49: Tsai | I49: Waiting for parts
A50: CS-1048 | B50: 46274 | C50: 46280 | D50: Closed | E50: P3 | F50: Software / upgrade | G50: Fab B | H50: Huang
A51: CS-1049 | B51: 46274 | C51: 46286 | D51: Closed | E51: P3 | F51: Unscheduled repair | G51: Fab A | H51: Chen | I51: Escalated to tech support
A52: CS-1050 | B52: 46274 | C52: 46274 | D52: Closed | E52: P1 | F52: Unscheduled repair | G52: Fab B | H52: Huang
A53: CS-1051 | B53: 46274 | C53: 46275 | D53: Closed | E53: P2 | F53: Part replacement | G53: Fab B | H53: Huang
A54: CS-1052 | B54: 46274 | C54: 46286 | D54: Closed | E54: P3 | F54: Customer inquiry | G54: Fab B | H54: Tsai | I54: Waiting for parts
A55: CS-1053 | B55: 46274 | C55: 46285 | D55: Closed | E55: P3 | F55: Preventive maintenance | G55: Fab A | H55: Liu | I55: Waiting for parts
A56: CS-1054 | B56: 46274 | C56: 46275 | D56: Closed | E56: P1 | F56: Part replacement | G56: Fab C | H56: Lin
A57: CS-1055 | B57: 46274 | C57: 46280 | D57: Closed | E57: P3 | F57: Unscheduled repair | G57: Fab A | H57: Lin
A58: CS-1056 | B58: 46275 | C58: 46280 | D58: Closed | E58: P2 | F58: Part replacement | G58: Fab A | H58: Liu
A59: CS-1057 | B59: 46275 | C59: 46283 | D59: Closed | E59: P3 | F59: Part replacement | G59: Fab B | H59: Lin
A60: CS-1058 | B60: 46276 | C60: 46286 | D60: Closed | E60: P3 | F60: Part replacement | G60: Fab A | H60: Lin
A61: CS-1059 | B61: 46277 | C61: 46278 | D61: Closed | E61: P1 | F61: Part replacement | G61: Fab B | H61: Liu
A62: CS-1060 | B62: 46277 | C62: 46280 | D62: Closed | E62: P2 | F62: Preventive maintenance | G62: Fab B | H62: Chen
A63: CS-1061 | B63: 46277 | C63: 46279 | D63: Closed | E63: P2 | F63: Customer inquiry | G63: Fab C | H63: Tsai
A64: CS-1062 | B64: 46277 | C64: 46277 | D64: Closed | E64: P1 | F64: Part replacement | G64: Fab C | H64: Wang
A65: CS-1063 | B65: 46277 | C65: 46283 | D65: Closed | E65: P3 | F65: Customer inquiry | G65: Fab C | H65: Chen
A66: CS-1064 | B66: 46277 | C66: 46286 | D66: Closed | E66: P3 | F66: Preventive maintenance | G66: Fab B | H66: Huang
A67: CS-1065 | B67: 46278 | C67: 46283 | D67: Closed | E67: P2 | F67: Part replacement | G67: Fab B | H67: Chen
A68: CS-1066 | B68: 46278 | C68: 46282 | D68: Closed | E68: P1 | F68: Software / upgrade | G68: Fab A | H68: Wang | I68: Waiting for customer
A69: CS-1067 | B69: 46278 | C69: 46287 | D69: Closed | E69: P3 | F69: Preventive maintenance | G69: Fab C | H69: Tsai
A70: CS-1068 | B70: 46279 | C70: 46286 | D70: Closed | E70: P3 | F70: Software / upgrade | G70: Fab B | H70: Lin
A71: CS-1069 | B71: 46279 | C71: 46280 | D71: Closed | E71: P2 | F71: Unscheduled repair | G71: Fab B | H71: Wang
A72: CS-1070 | B72: 46279 | C72: 46286 | D72: Closed | E72: P3 | F72: Part replacement | G72: Fab C | H72: Lin
A73: CS-1071 | B73: 46279 | C73: 46288 | D73: Closed | E73: P3 | F73: Customer inquiry | G73: Fab A | H73: Huang
A74: CS-1072 | B74: 46279 | C74: 46285 | D74: Closed | E74: P1 | F74: Unscheduled repair | G74: Fab C | H74: Tsai | I74: Waiting for parts
A75: CS-1073 | B75: 46280 | C75: 46289 | D75: Closed | E75: P3 | F75: Part replacement | G75: Fab C | H75: Huang
A76: CS-1074 | B76: 46280 | C76: 46294 | D76: Closed | E76: P3 | F76: Customer inquiry | G76: Fab C | H76: Chen | I76: Waiting for customer
A77: CS-1075 | B77: 46280 | C77: 46283 | D77: Closed | E77: P2 | F77: Preventive maintenance | G77: Fab A | H77: Liu
A78: CS-1076 | B78: 46280 | C78: 46290 | D78: Closed | E78: P3 | F78: Unscheduled repair | G78: Fab B | H78: Tsai
A79: CS-1077 | B79: 46280 | C79: 46290 | D79: Closed | E79: P3 | F79: Customer inquiry | G79: Fab C | H79: Wang
A80: CS-1078 | B80: 46281 | C80: 46290 | D80: Closed | E80: P3 | F80: Software / upgrade | G80: Fab A | H80: Tsai
A81: CS-1079 | B81: 46281 | C81: 46288 | D81: Closed | E81: P3 | F81: Part replacement | G81: Fab B | H81: Lin
A82: CS-1080 | B82: 46282 | C82: 46284 | D82: Closed | E82: P1 | F82: Customer inquiry | G82: Fab B | H82: Chen
A83: CS-1081 | B83: 46282 | C83: 46292 | D83: Closed | E83: P3 | F83: Customer inquiry | G83: Fab B | H83: Liu
A84: CS-1082 | B84: 46282 | C84: 46290 | D84: Closed | E84: P3 | F84: Part replacement | G84: Fab B | H84: Lin
A85: CS-1083 | B85: 46282 | C85: 46294 | D85: Closed | E85: P3 | F85: Preventive maintenance | G85: Fab B | H85: Tsai | I85: Waiting for customer
A86: CS-1084 | B86: 46282 | C86: 46286 | D86: Closed | E86: P2 | F86: Part replacement | G86: Fab A | H86: Huang
A87: CS-1085 | B87: 46282 | C87: 46282 | D87: Closed | E87: P1 | F87: Preventive maintenance | G87: Fab B | H87: Lin
A88: CS-1086 | B88: 46283 | C88: 46293 | D88: Closed | E88: P3 | F88: Part replacement | G88: Fab A | H88: Liu
A89: CS-1087 | B89: 46283 | C89: 46288 | D89: Closed | E89: P2 | F89: Part replacement | G89: Fab B | H89: Huang
A90: CS-1088 | B90: 46283 | C90: 46289 | D90: Closed | E90: P2 | F90: Preventive maintenance | G90: Fab B | H90: Lin | I90: Waiting for parts
A91: CS-1089 | B91: 46283 | C91: 46289 | D91: Closed | E91: P3 | F91: Preventive maintenance | G91: Fab B | H91: Lin
A92: CS-1090 | B92: 46283 | C92: 46291 | D92: Closed | E92: P3 | F92: Part replacement | G92: Fab A | H92: Chen
A93: CS-1091 | B93: 46283 | C93: 46286 | D93: Closed | E93: P2 | F93: Software / upgrade | G93: Fab B | H93: Tsai
A94: CS-1092 | B94: 46283 | C94: 46292 | D94: Closed | E94: P3 | F94: Preventive maintenance | G94: Fab B | H94: Huang
A95: CS-1093 | B95: 46283 | C95: 46286 | D95: Closed | E95: P2 | F95: Software / upgrade | G95: Fab C | H95: Wang
A96: CS-1094 | B96: 46284 | C96: 46285 | D96: Closed | E96: P2 | F96: Customer inquiry | G96: Fab B | H96: Chen
A97: CS-1095 | B97: 46284 | C97: 46291 | D97: Closed | E97: P3 | F97: Customer inquiry | G97: Fab B | H97: Wang
A98: CS-1096 | B98: 46284 | C98: 46286 | D98: Closed | E98: P2 | F98: Software / upgrade | G98: Fab B | H98: Tsai
A99: CS-1097 | B99: 46284 | C99: 46284 | D99: Closed | E99: P1 | F99: Part replacement | G99: Fab C | H99: Wang
A100: CS-1098 | B100: 46284 | C100: 46295 | D100: Closed | E100: P3 | F100: Part replacement | G100: Fab A | H100: Liu | I100: Waiting for engineer
...

Sheet SLA_Table
A1: Priority | B1: Target_Days | C1: Meaning
A2: P1 | B2: 2 | C2: Tool down
A3: P2 | B3: 5 | C3: Performance degraded
A4: P3 | B4: 10 | C4: Routine / inquiry
A6: Assumption: SLA targets are illustrative, set for this practice dataset.

Sheet KPI
A3: 列標籤 | B3: 計數 - Case_ID | E3: 週 | F3: 開案數 | G3: 結案數 | H3: 準時結案率 | I3: 平均處理天數 | K3: 目前未結案件數 | M3: 優先度 | N3: 準時 | O3: 逾期 | P3: 準時結案率
A4: 8月31日 | B4: 30 | E4: 46265 | F4: =COUNTIFS(Cases_Tbl[Open_Week],E4) -> 30 | G4: =COUNTIFS(Cases_Tbl[Close_Week],E4) -> 13 | H4: =IFERROR(COUNTIFS(Cases_Tbl[Close_Week],E4,Cases_Tbl[On_Time],"Yes")/(COUNTIFS(Cases_Tbl[Close_Week],E4,Cases_Tbl[On_Time],"Yes")+COUNTIFS(Cases_Tbl[Close_Week],E4,Cases_Tbl[On_Time],"No")),"") -> 0.92307692 | I4: =IFERROR(AVERAGEIFS(Cases_Tbl[Days_to_Close],Cases_Tbl[Close_Week],E4),"") -> 1.8461538 | K4: =COUNTIF(Cases_Tbl[Status],"Open") -> 43 | M4: P1 | N4: =COUNTIFS(Cases_Tbl[Priority],M4,Cases_Tbl[On_Time],"Yes") -> 46 | O4: =COUNTIFS(Cases_Tbl[Priority],M4,Cases_Tbl[On_Time],"No") -> 9 | P4: =N4/(N4+O4) -> 0.83636364
A5: 9月7日 | B5: 37 | E5: 46272 | F5: =COUNTIFS(Cases_Tbl[Open_Week],E5) -> 37 | G5: =COUNTIFS(Cases_Tbl[Close_Week],E5) -> 24 | H5: =IFERROR(COUNTIFS(Cases_Tbl[Close_Week],E5,Cases_Tbl[On_Time],"Yes")/(COUNTIFS(Cases_Tbl[Close_Week],E5,Cases_Tbl[On_Time],"Yes")+COUNTIFS(Cases_Tbl[Close_Week],E5,Cases_Tbl[On_Time],"No")),"") -> 0.91666667 | I5: =IFERROR(AVERAGEIFS(Cases_Tbl[Days_to_Close],Cases_Tbl[Close_Week],E5),"") -> 3.7083333 | M5: P2 | N5: =COUNTIFS(Cases_Tbl[Priority],M5,Cases_Tbl[On_Time],"Yes") -> 89 | O5: =COUNTIFS(Cases_Tbl[Priority],M5,Cases_Tbl[On_Time],"No") -> 20 | P5: =N5/(N5+O5) -> 0.81651376
A6: 9月14日 | B6: 40 | E6: 46279 | F6: =COUNTIFS(Cases_Tbl[Open_Week],E6) -> 40 | G6: =COUNTIFS(Cases_Tbl[Close_Week],E6) -> 31 | H6: =IFERROR(COUNTIFS(Cases_Tbl[Close_Week],E6,Cases_Tbl[On_Time],"Yes")/(COUNTIFS(Cases_Tbl[Close_Week],E6,Cases_Tbl[On_Time],"Yes")+COUNTIFS(Cases_Tbl[Close_Week],E6,Cases_Tbl[On_Time],"No")),"") -> 0.74193548 | I6: =IFERROR(AVERAGEIFS(Cases_Tbl[Days_to_Close],Cases_Tbl[Close_Week],E6),"") -> 6.3225806 | K6: 整體準時結案率 | M6: P3 | N6: =COUNTIFS(Cases_Tbl[Priority],M6,Cases_Tbl[On_Time],"Yes") -> 76 | O6: =COUNTIFS(Cases_Tbl[Priority],M6,Cases_Tbl[On_Time],"No") -> 19 | P6: =N6/(N6+O6) -> 0.8
A7: 9月21日 | B7: 30 | E7: 46286 | F7: =COUNTIFS(Cases_Tbl[Open_Week],E7) -> 30 | G7: =COUNTIFS(Cases_Tbl[Close_Week],E7) -> 43 | H7: =IFERROR(COUNTIFS(Cases_Tbl[Close_Week],E7,Cases_Tbl[On_Time],"Yes")/(COUNTIFS(Cases_Tbl[Close_Week],E7,Cases_Tbl[On_Time],"Yes")+COUNTIFS(Cases_Tbl[Close_Week],E7,Cases_Tbl[On_Time],"No")),"") -> 0.86046512 | I7: =IFERROR(AVERAGEIFS(Cases_Tbl[Days_to_Close],Cases_Tbl[Close_Week],E7),"") -> 6.372093 | K7: =COUNTIF(Cases_Tbl[On_Time],"Yes")/(COUNTIF(Cases_Tbl[On_Time],"Yes")+COUNTIF(Cases_Tbl[On_Time],"No")) -> 0.81467181
A8: 9月28日 | B8: 41 | E8: 46293 | F8: =COUNTIFS(Cases_Tbl[Open_Week],E8) -> 41 | G8: =COUNTIFS(Cases_Tbl[Close_Week],E8) -> 41 | H8: =IFERROR(COUNTIFS(Cases_Tbl[Close_Week],E8,Cases_Tbl[On_Time],"Yes")/(COUNTIFS(Cases_Tbl[Close_Week],E8,Cases_Tbl[On_Time],"Yes")+COUNTIFS(Cases_Tbl[Close_Week],E8,Cases_Tbl[On_Time],"No")),"") -> 0.75 | I8: =IFERROR(AVERAGEIFS(Cases_Tbl[Days_to_Close],Cases_Tbl[Close_Week],E8),"") -> 5.175 | K8: 整體平均處理天數
A9: 10月5日 | B9: 38 | E9: 46300 | F9: =COUNTIFS(Cases_Tbl[Open_Week],E9) -> 38 | G9: =COUNTIFS(Cases_Tbl[Close_Week],E9) -> 33 | H9: =IFERROR(COUNTIFS(Cases_Tbl[Close_Week],E9,Cases_Tbl[On_Time],"Yes")/(COUNTIFS(Cases_Tbl[Close_Week],E9,Cases_Tbl[On_Time],"Yes")+COUNTIFS(Cases_Tbl[Close_Week],E9,Cases_Tbl[On_Time],"No")),"") -> 0.78125 | I9: =IFERROR(AVERAGEIFS(Cases_Tbl[Days_to_Close],Cases_Tbl[Close_Week],E9),"") -> 4.65625 | K9: =AVERAGE(Cases_Tbl[Days_to_Close]) -> 5.2316602 | M9: 案齡 | N9: 件數
A10: 10月12日 | B10: 44 | E10: 46307 | F10: =COUNTIFS(Cases_Tbl[Open_Week],E10) -> 44 | G10: =COUNTIFS(Cases_Tbl[Close_Week],E10) -> 39 | H10: =IFERROR(COUNTIFS(Cases_Tbl[Close_Week],E10,Cases_Tbl[On_Time],"Yes")/(COUNTIFS(Cases_Tbl[Close_Week],E10,Cases_Tbl[On_Time],"Yes")+COUNTIFS(Cases_Tbl[Close_Week],E10,Cases_Tbl[On_Time],"No")),"") -> 0.84210526 | I10: =IFERROR(AVERAGEIFS(Cases_Tbl[Days_to_Close],Cases_Tbl[Close_Week],E10),"") -> 5.4210526 | M10: 0–2 天 | N10: =COUNTIFS(Cases_Tbl[Age_Days],">=0",Cases_Tbl[Age_Days],"<=2") -> 2
A11: 10月19日 | B11: 40 | E11: 46314 | F11: =COUNTIFS(Cases_Tbl[Open_Week],E11) -> 40 | G11: =COUNTIFS(Cases_Tbl[Close_Week],E11) -> 36 | H11: =IFERROR(COUNTIFS(Cases_Tbl[Close_Week],E11,Cases_Tbl[On_Time],"Yes")/(COUNTIFS(Cases_Tbl[Close_Week],E11,Cases_Tbl[On_Time],"Yes")+COUNTIFS(Cases_Tbl[Close_Week],E11,Cases_Tbl[On_Time],"No")),"") -> 0.77777778 | I11: =IFERROR(AVERAGEIFS(Cases_Tbl[Days_to_Close],Cases_Tbl[Close_Week],E11),"") -> 5.7222222 | M11: 3–5 天 | N11: =COUNTIFS(Cases_Tbl[Age_Days],">=3",Cases_Tbl[Age_Days],"<=5") -> 8
A12: 10月26日 | B12: 5 | E12: 46321 | F12: =COUNTIFS(Cases_Tbl[Open_Week],E12) -> 5 | G12: =COUNTIFS(Cases_Tbl[Close_Week],E12) -> 2 | H12: =IFERROR(COUNTIFS(Cases_Tbl[Close_Week],E12,Cases_Tbl[On_Time],"Yes")/(COUNTIFS(Cases_Tbl[Close_Week],E12,Cases_Tbl[On_Time],"Yes")+COUNTIFS(Cases_Tbl[Close_Week],E12,Cases_Tbl[On_Time],"No")),"") -> 1 | I12: =IFERROR(AVERAGEIFS(Cases_Tbl[Days_to_Close],Cases_Tbl[Close_Week],E12),"") -> 2 | K12: 資料截止日 | M12: 6–10 天 | N12: =COUNTIFS(Cases_Tbl[Age_Days],">=6",Cases_Tbl[Age_Days],"<=10") -> 20
A13: 總計 | B13: 305 | K13: 46325 | M13: 超過 10 天 | N13: =COUNTIFS(Cases_Tbl[Age_Days],">10") -> 13
M14: 已超過目標天數 | N14: =COUNTIF(Cases_Tbl[Over_Target],"Yes") -> 20
A21: 列標籤 | B21: 計數 - Case_ID | C21: 計數 - Case_ID2
A22: Waiting for parts | B22: 32 | C22: 0.58181818
A23: Waiting for customer | B23: 9 | C23: 0.16363636
A24: Waiting for engineer | B24: 8 | C24: 0.14545455
A25: Escalated to tech support | B25: 6 | C25: 0.10909091
A26: 總計 | B26: 55 | C26: 1

Sheet Cases_Clean
A1: Case_ID | B1: Open_Date | C1: Close_Date | D1: Status | E1: Priority | F1: Case_Type | G1: Customer_Site | H1: Owner | I1: Delay_Reason | J1: Data_Flag | K1: Target_Days | L1: Days_to_Close | M1: On_Time | N1: Open_Week | O1: Close_Week | P1: Age_Days | Q1: Over_Target
A2: CS-1001 | B2: 46265 | C2: 46266 | D2: Closed | E2: P2 | F2: Customer inquiry | G2: Fab C | H2: Chen | K2: =_xlfn.XLOOKUP(Cases_Tbl[[#This Row],[Priority]],SLA_Table!$A$2:$A$4,SLA_Table!$B$2:$B$4) -> 5 | L2: =IF(OR(C2="",J2<>""),"",C2-B2) -> 1 | M2: =IF(L2="","",IF(L2<=K2,"Yes","No")) -> Yes | N2: =B2-WEEKDAY(B2,2)+1 -> 46265 | O2: =IF(C2="","",C2-WEEKDAY(C2,2)+1) -> 46265 | P2: =IF(D2="Open",KPI!$K$13-B2,"") | Q2: =IF(P2="","",IF(P2>K2,"Yes","No"))
A3: CS-1002 | B3: 46265 | C3: 46266 | D3: Closed | E3: P2 | F3: Unscheduled repair | G3: Fab A | H3: Liu | K3: =_xlfn.XLOOKUP(Cases_Tbl[[#This Row],[Priority]],SLA_Table!$A$2:$A$4,SLA_Table!$B$2:$B$4) -> 5 | L3: =IF(OR(C3="",J3<>""),"",C3-B3) -> 1 | M3: =IF(L3="","",IF(L3<=K3,"Yes","No")) -> Yes | N3: =B3-WEEKDAY(B3,2)+1 -> 46265 | O3: =IF(C3="","",C3-WEEKDAY(C3,2)+1) -> 46265 | P3: =IF(D3="Open",KPI!$K$13-B3,"") | Q3: =IF(P3="","",IF(P3>K3,"Yes","No"))
A4: CS-1003 | B4: 46265 | C4: 46271 | D4: Closed | E4: P3 | F4: Unscheduled repair | G4: Fab C | H4: Wang | K4: =_xlfn.XLOOKUP(Cases_Tbl[[#This Row],[Priority]],SLA_Table!$A$2:$A$4,SLA_Table!$B$2:$B$4) -> 10 | L4: =IF(OR(C4="",J4<>""),"",C4-B4) -> 6 | M4: =IF(L4="","",IF(L4<=K4,"Yes","No")) -> Yes | N4: =B4-WEEKDAY(B4,2)+1 -> 46265 | O4: =IF(C4="","",C4-WEEKDAY(C4,2)+1) -> 46265 | P4: =IF(D4="Open",KPI!$K$13-B4,"") | Q4: =IF(P4="","",IF(P4>K4,"Yes","No"))
A5: CS-1004 | B5: 46266 | C5: 46272 | D5: Closed | E5: P3 | F5: Software / upgrade | G5: Fab B | H5: Wang | K5: =_xlfn.XLOOKUP(Cases_Tbl[[#This Row],[Priority]],SLA_Table!$A$2:$A$4,SLA_Table!$B$2:$B$4) -> 10 | L5: =IF(OR(C5="",J5<>""),"",C5-B5) -> 6 | M5: =IF(L5="","",IF(L5<=K5,"Yes","No")) -> Yes | N5: =B5-WEEKDAY(B5,2)+1 -> 46265 | O5: =IF(C5="","",C5-WEEKDAY(C5,2)+1) -> 46272 | P5: =IF(D5="Open",KPI!$K$13-B5,"") | Q5: =IF(P5="","",IF(P5>K5,"Yes","No"))
A6: CS-1005 | B6: 46266 | C6: 46268 | D6: Closed | E6: P2 | F6: Part replacement | G6: Fab B | H6: Chen | K6: =_xlfn.XLOOKUP(Cases_Tbl[[#This Row],[Priority]],SLA_Table!$A$2:$A$4,SLA_Table!$B$2:$B$4) -> 5 | L6: =IF(OR(C6="",J6<>""),"",C6-B6) -> 2 | M6: =IF(L6="","",IF(L6<=K6,"Yes","No")) -> Yes | N6: =B6-WEEKDAY(B6,2)+1 -> 46265 | O6: =IF(C6="","",C6-WEEKDAY(C6,2)+1) -> 46265 | P6: =IF(D6="Open",KPI!$K$13-B6,"") | Q6: =IF(P6="","",IF(P6>K6,"Yes","No"))
A7: CS-1006 | B7: 46266 | C7: 46268 | D7: Closed | E7: P1 | F7: Customer inquiry | G7: Fab C | H7: Lin | K7: =_xlfn.XLOOKUP(Cases_Tbl[[#This Row],[Priority]],SLA_Table!$A$2:$A$4,SLA_Table!$B$2:$B$4) -> 2 | L7: =IF(OR(C7="",J7<>""),"",C7-B7) -> 2 | M7: =IF(L7="","",IF(L7<=K7,"Yes","No")) -> Yes | N7: =B7-WEEKDAY(B7,2)+1 -> 46265 | O7: =IF(C7="","",C7-WEEKDAY(C7,2)+1) -> 46265 | P7: =IF(D7="Open",KPI!$K$13-B7,"") | Q7: =IF(P7="","",IF(P7>K7,"Yes","No"))
A8: CS-1007 | B8: 46266 | C8: 46267 | D8: Closed | E8: P2 | F8: Unscheduled repair | G8: Fab C | H8: Liu | K8: =_xlfn.XLOOKUP(Cases_Tbl[[#This Row],[Priority]],SLA_Table!$A$2:$A$4,SLA_Table!$B$2:$B$4) -> 5 | L8: =IF(OR(C8="",J8<>""),"",C8-B8) -> 1 | M8: =IF(L8="","",IF(L8<=K8,"Yes","No")) -> Yes | N8: =B8-WEEKDAY(B8,2)+1 -> 46265 | O8: =IF(C8="","",C8-WEEKDAY(C8,2)+1) -> 46265 | P8: =IF(D8="Open",KPI!$K$13-B8,"") | Q8: =IF(P8="","",IF(P8>K8,"Yes","No"))
A9: CS-1008 | B9: 46266 | C9: 46266 | D9: Closed | E9: P1 | F9: Preventive maintenance | G9: Fab A | H9: Tsai | K9: =_xlfn.XLOOKUP(Cases_Tbl[[#This Row],[Priority]],SLA_Table!$A$2:$A$4,SLA_Table!$B$2:$B$4) -> 2 | L9: =IF(OR(C9="",J9<>""),"",C9-B9) -> 0 | M9: =IF(L9="","",IF(L9<=K9,"Yes","No")) -> Yes | N9: =B9-WEEKDAY(B9,2)+1 -> 46265 | O9: =IF(C9="","",C9-WEEKDAY(C9,2)+1) -> 46265 | P9: =IF(D9="Open",KPI!$K$13-B9,"") | Q9: =IF(P9="","",IF(P9>K9,"Yes","No"))
A10: CS-1009 | B10: 46267 | C10: 46271 | D10: Closed | E10: P2 | F10: Part replacement | G10: Fab A | H10: Liu | K10: =_xlfn.XLOOKUP(Cases_Tbl[[#This Row],[Priority]],SLA_Table!$A$2:$A$4,SLA_Table!$B$2:$B$4) -> 5 | L10: =IF(OR(C10="",J10<>""),"",C10-B10) -> 4 | M10: =IF(L10="","",IF(L10<=K10,"Yes","No")) -> Yes | N10: =B10-WEEKDAY(B10,2)+1 -> 46265 | O10: =IF(C10="","",C10-WEEKDAY(C10,2)+1) -> 46265 | P10: =IF(D10="Open",KPI!$K$13-B10,"") | Q10: =IF(P10="","",IF(P10>K10,"Yes","No"))
A11: CS-1010 | B11: 46267 | C11: 46272 | D11: Closed | E11: P2 | F11: Preventive maintenance | G11: Fab C | H11: Chen | K11: =_xlfn.XLOOKUP(Cases_Tbl[[#This Row],[Priority]],SLA_Table!$A$2:$A$4,SLA_Table!$B$2:$B$4) -> 5 | L11: =IF(OR(C11="",J11<>""),"",C11-B11) -> 5 | M11: =IF(L11="","",IF(L11<=K11,"Yes","No")) -> Yes | N11: =B11-WEEKDAY(B11,2)+1 -> 46265 | O11: =IF(C11="","",C11-WEEKDAY(C11,2)+1) -> 46272 | P11: =IF(D11="Open",KPI!$K$13-B11,"") | Q11: =IF(P11="","",IF(P11>K11,"Yes","No"))
A12: CS-1011 | B12: 46268 | C12: 46282 | D12: Closed | E12: P3 | F12: Customer inquiry | G12: Fab A | H12: Chen | I12: Waiting for customer | K12: =_xlfn.XLOOKUP(Cases_Tbl[[#This Row],[Priority]],SLA_Table!$A$2:$A$4,SLA_Table!$B$2:$B$4) -> 10 | L12: =IF(OR(C12="",J12<>""),"",C12-B12) -> 14 | M12: =IF(L12="","",IF(L12<=K12,"Yes","No")) -> No | N12: =B12-WEEKDAY(B12,2)+1 -> 46265 | O12: =IF(C12="","",C12-WEEKDAY(C12,2)+1) -> 46279 | P12: =IF(D12="Open",KPI!$K$13-B12,"") | Q12: =IF(P12="","",IF(P12>K12,"Yes","No"))
A13: CS-1012 | B13: 46268 | C13: 46283 | D13: Closed | E13: P3 | F13: Unscheduled repair | G13: Fab A | H13: Huang | I13: Waiting for parts | K13: =_xlfn.XLOOKUP(Cases_Tbl[[#This Row],[Priority]],SLA_Table!$A$2:$A$4,SLA_Table!$B$2:$B$4) -> 10 | L13: =IF(OR(C13="",J13<>""),"",C13-B13) -> 15 | M13: =IF(L13="","",IF(L13<=K13,"Yes","No")) -> No | N13: =B13-WEEKDAY(B13,2)+1 -> 46265 | O13: =IF(C13="","",C13-WEEKDAY(C13,2)+1) -> 46279 | P13: =IF(D13="Open",KPI!$K$13-B13,"") | Q13: =IF(P13="","",IF(P13>K13,"Yes","No"))
A14: CS-1013 | B14: 46268 | C14: 46271 | D14: Closed | E14: P1 | F14: Software / upgrade | G14: Fab C | H14: Huang | I14: Waiting for parts | K14: =_xlfn.XLOOKUP(Cases_Tbl[[#This Row],[Priority]],SLA_Table!$A$2:$A$4,SLA_Table!$B$2:$B$4) -> 2 | L14: =IF(OR(C14="",J14<>""),"",C14-B14) -> 3 | M14: =IF(L14="","",IF(L14<=K14,"Yes","No")) -> No | N14: =B14-WEEKDAY(B14,2)+1 -> 46265 | O14: =IF(C14="","",C14-WEEKDAY(C14,2)+1) -> 46265 | P14: =IF(D14="Open",KPI!$K$13-B14,"") | Q14: =IF(P14="","",IF(P14>K14,"Yes","No"))
A15: CS-1014 | B15: 46268 | C15: 46269 | D15: Closed | E15: P2 | F15: Unscheduled repair | G15: Fab A | H15: Wang | K15: =_xlfn.XLOOKUP(Cases_Tbl[[#This Row],[Priority]],SLA_Table!$A$2:$A$4,SLA_Table!$B$2:$B$4) -> 5 | L15: =IF(OR(C15="",J15<>""),"",C15-B15) -> 1 | M15: =IF(L15="","",IF(L15<=K15,"Yes","No")) -> Yes | N15: =B15-WEEKDAY(B15,2)+1 -> 46265 | O15: =IF(C15="","",C15-WEEKDAY(C15,2)+1) -> 46265 | P15: =IF(D15="Open",KPI!$K$13-B15,"") | Q15: =IF(P15="","",IF(P15>K15,"Yes","No"))
A16: CS-1015 | B16: 46268 | C16: 46279 | D16: Closed | E16: P3 | F16: Part replacement | G16: Fab B | H16: Wang | I16: Waiting for engineer | K16: =_xlfn.XLOOKUP(Cases_Tbl[[#This Row],[Priority]],SLA_Table!$A$2:$A$4,SLA_Table!$B$2:$B$4) -> 10 | L16: =IF(OR(C16="",J16<>""),"",C16-B16) -> 11 | M16: =IF(L16="","",IF(L16<=K16,"Yes","No")) -> No | N16: =B16-WEEKDAY(B16,2)+1 -> 46265 | O16: =IF(C16="","",C16-WEEKDAY(C16,2)+1) -> 46279 | P16: =IF(D16="Open",KPI!$K$13-B16,"") | Q16: =IF(P16="","",IF(P16>K16,"Yes","No"))
A17: CS-1016 | B17: 46268 | C17: 46269 | D17: Closed | E17: P2 | F17: Part replacement | G17: Fab A | H17: Huang | K17: =_xlfn.XLOOKUP(Cases_Tbl[[#This Row],[Priority]],SLA_Table!$A$2:$A$4,SLA_Table!$B$2:$B$4) -> 5 | L17: =IF(OR(C17="",J17<>""),"",C17-B17) -> 1 | M17: =IF(L17="","",IF(L17<=K17,"Yes","No")) -> Yes | N17: =B17-WEEKDAY(B17,2)+1 -> 46265 | O17: =IF(C17="","",C17-WEEKDAY(C17,2)+1) -> 46265 | P17: =IF(D17="Open",KPI!$K$13-B17,"") | Q17: =IF(P17="","",IF(P17>K17,"Yes","No"))
A18: CS-1017 | B18: 46269 | C18: 46269 | D18: Closed | E18: P1 | F18: Unscheduled repair | G18: Fab A | H18: Lin | K18: =_xlfn.XLOOKUP(Cases_Tbl[[#This Row],[Priority]],SLA_Table!$A$2:$A$4,SLA_Table!$B$2:$B$4) -> 2 | L18: =IF(OR(C18="",J18<>""),"",C18-B18) -> 0 | M18: =IF(L18="","",IF(L18<=K18,"Yes","No")) -> Yes | N18: =B18-WEEKDAY(B18,2)+1 -> 46265 | O18: =IF(C18="","",C18-WEEKDAY(C18,2)+1) -> 46265 | P18: =IF(D18="Open",KPI!$K$13-B18,"") | Q18: =IF(P18="","",IF(P18>K18,"Yes","No"))
A19: CS-1018 | B19: 46269 | C19: 46275 | D19: Closed | E19: P3 | F19: Customer inquiry | G19: Fab C | H19: Wang | K19: =_xlfn.XLOOKUP(Cases_Tbl[[#This Row],[Priority]],SLA_Table!$A$2:$A$4,SLA_Table!$B$2:$B$4) -> 10 | L19: =IF(OR(C19="",J19<>""),"",C19-B19) -> 6 | M19: =IF(L19="","",IF(L19<=K19,"Yes","No")) -> Yes | N19: =B19-WEEKDAY(B19,2)+1 -> 46265 | O19: =IF(C19="","",C19-WEEKDAY(C19,2)+1) -> 46272 | P19: =IF(D19="Open",KPI!$K$13-B19,"") | Q19: =IF(P19="","",IF(P19>K19,"Yes","No"))
A20: CS-1019 | B20: 46269 | C20: 46276 | D20: Closed | E20: P3 | F20: Part replacement | G20: Fab A | H20: Lin | K20: =_xlfn.XLOOKUP(Cases_Tbl[[#This Row],[Priority]],SLA_Table!$A$2:$A$4,SLA_Table!$B$2:$B$4) -> 10 | L20: =IF(OR(C20="",J20<>""),"",C20-B20) -> 7 | M20: =IF(L20="","",IF(L20<=K20,"Yes","No")) -> Yes | N20: =B20-WEEKDAY(B20,2)+1 -> 46265 | O20: =IF(C20="","",C20-WEEKDAY(C20,2)+1) -> 46272 | P20: =IF(D20="Open",KPI!$K$13-B20,"") | Q20: =IF(P20="","",IF(P20>K20,"Yes","No"))
A21: CS-1020 | B21: 46269 | C21: 46271 | D21: Closed | E21: P1 | F21: Customer inquiry | G21: Fab C | H21: Huang | K21: =_xlfn.XLOOKUP(Cases_Tbl[[#This Row],[Priority]],SLA_Table!$A$2:$A$4,SLA_Table!$B$2:$B$4) -> 2 | L21: =IF(OR(C21="",J21<>""),"",C21-B21) -> 2 | M21: =IF(L21="","",IF(L21<=K21,"Yes","No")) -> Yes | N21: =B21-WEEKDAY(B21,2)+1 -> 46265 | O21: =IF(C21="","",C21-WEEKDAY(C21,2)+1) -> 46265 | P21: =IF(D21="Open",KPI!$K$13-B21,"") | Q21: =IF(P21="","",IF(P21>K21,"Yes","No"))
A22: CS-1021 | B22: 46269 | C22: 46279 | D22: Closed | E22: P3 | F22: Part replacement | G22: Fab C | H22: Lin | K22: =_xlfn.XLOOKUP(Cases_Tbl[[#This Row],[Priority]],SLA_Table!$A$2:$A$4,SLA_Table!$B$2:$B$4) -> 10 | L22: =IF(OR(C22="",J22<>""),"",C22-B22) -> 10 | M22: =IF(L22="","",IF(L22<=K22,"Yes","No")) -> Yes | N22: =B22-WEEKDAY(B22,2)+1 -> 46265 | O22: =IF(C22="","",C22-WEEKDAY(C22,2)+1) -> 46279 | P22: =IF(D22="Open",KPI!$K$13-B22,"") | Q22: =IF(P22="","",IF(P22>K22,"Yes","No"))
A23: CS-1022 | B23: 46269 | C23: 46278 | D23: Closed | E23: P3 | F23: Unscheduled repair | G23: Fab A | H23: Wang | K23: =_xlfn.XLOOKUP(Cases_Tbl[[#This Row],[Priority]],SLA_Table!$A$2:$A$4,SLA_Table!$B$2:$B$4) -> 10 | L23: =IF(OR(C23="",J23<>""),"",C23-B23) -> 9 | M23: =IF(L23="","",IF(L23<=K23,"Yes","No")) -> Yes | N23: =B23-WEEKDAY(B23,2)+1 -> 46265 | O23: =IF(C23="","",C23-WEEKDAY(C23,2)+1) -> 46272 | P23: =IF(D23="Open",KPI!$K$13-B23,"") | Q23: =IF(P23="","",IF(P23>K23,"Yes","No"))
A24: CS-1023 | B24: 46269 | C24: 46274 | D24: Closed | E24: P2 | F24: Preventive maintenance | G24: Fab C | H24: Tsai | K24: =_xlfn.XLOOKUP(Cases_Tbl[[#This Row],[Priority]],SLA_Table!$A$2:$A$4,SLA_Table!$B$2:$B$4) -> 5 | L24: =IF(OR(C24="",J24<>""),"",C24-B24) -> 5 | M24: =IF(L24="","",IF(L24<=K24,"Yes","No")) -> Yes | N24: =B24-WEEKDAY(B24,2)+1 -> 46265 | O24: =IF(C24="","",C24-WEEKDAY(C24,2)+1) -> 46272 | P24: =IF(D24="Open",KPI!$K$13-B24,"") | Q24: =IF(P24="","",IF(P24>K24,"Yes","No"))
A25: CS-1024 | B25: 46270 | C25: 46279 | D25: Closed | E25: P3 | F25: Preventive maintenance | G25: Fab C | H25: Chen | K25: =_xlfn.XLOOKUP(Cases_Tbl[[#This Row],[Priority]],SLA_Table!$A$2:$A$4,SLA_Table!$B$2:$B$4) -> 10 | L25: =IF(OR(C25="",J25<>""),"",C25-B25) -> 9 | M25: =IF(L25="","",IF(L25<=K25,"Yes","No")) -> Yes | N25: =B25-WEEKDAY(B25,2)+1 -> 46265 | O25: =IF(C25="","",C25-WEEKDAY(C25,2)+1) -> 46279 | P25: =IF(D25="Open",KPI!$K$13-B25,"") | Q25: =IF(P25="","",IF(P25>K25,"Yes","No"))
A26: CS-1025 | B26: 46270 | C26: 46277 | D26: Closed | E26: P3 | F26: Unscheduled repair | G26: Fab B | H26: Lin | K26: =_xlfn.XLOOKUP(Cases_Tbl[[#This Row],[Priority]],SLA_Table!$A$2:$A$4,SLA_Table!$B$2:$B$4) -> 10 | L26: =IF(OR(C26="",J26<>""),"",C26-B26) -> 7 | M26: =IF(L26="","",IF(L26<=K26,"Yes","No")) -> Yes | N26: =B26-WEEKDAY(B26,2)+1 -> 46265 | O26: =IF(C26="","",C26-WEEKDAY(C26,2)+1) -> 46272 | P26: =IF(D26="Open",KPI!$K$13-B26,"") | Q26: =IF(P26="","",IF(P26>K26,"Yes","No"))
A27: CS-1026 | B27: 46270 | C27: 46278 | D27: Closed | E27: P2 | F27: Customer inquiry | G27: Fab A | H27: Wang | I27: Waiting for parts | K27: =_xlfn.XLOOKUP(Cases_Tbl[[#This Row],[Priority]],SLA_Table!$A$2:$A$4,SLA_Table!$B$2:$B$4) -> 5 | L27: =IF(OR(C27="",J27<>""),"",C27-B27) -> 8 | M27: =IF(L27="","",IF(L27<=K27,"Yes","No")) -> No | N27: =B27-WEEKDAY(B27,2)+1 -> 46265 | O27: =IF(C27="","",C27-WEEKDAY(C27,2)+1) -> 46272 | P27: =IF(D27="Open",KPI!$K$13-B27,"") | Q27: =IF(P27="","",IF(P27>K27,"Yes","No"))
A28: CS-1027 | B28: 46271 | C28: 46280 | D28: Closed | E28: P3 | F28: Preventive maintenance | G28: Fab C | H28: Tsai | K28: =_xlfn.XLOOKUP(Cases_Tbl[[#This Row],[Priority]],SLA_Table!$A$2:$A$4,SLA_Table!$B$2:$B$4) -> 10 | L28: =IF(OR(C28="",J28<>""),"",C28-B28) -> 9 | M28: =IF(L28="","",IF(L28<=K28,"Yes","No")) -> Yes | N28: =B28-WEEKDAY(B28,2)+1 -> 46265 | O28: =IF(C28="","",C28-WEEKDAY(C28,2)+1) -> 46279 | P28: =IF(D28="Open",KPI!$K$13-B28,"") | Q28: =IF(P28="","",IF(P28>K28,"Yes","No"))
A29: CS-1028 | B29: 46271 | C29: 46280 | D29: Closed | E29: P3 | F29: Customer inquiry | G29: Fab B | H29: Liu | K29: =_xlfn.XLOOKUP(Cases_Tbl[[#This Row],[Priority]],SLA_Table!$A$2:$A$4,SLA_Table!$B$2:$B$4) -> 10 | L29: =IF(OR(C29="",J29<>""),"",C29-B29) -> 9 | M29: =IF(L29="","",IF(L29<=K29,"Yes","No")) -> Yes | N29: =B29-WEEKDAY(B29,2)+1 -> 46265 | O29: =IF(C29="","",C29-WEEKDAY(C29,2)+1) -> 46279 | P29: =IF(D29="Open",KPI!$K$13-B29,"") | Q29: =IF(P29="","",IF(P29>K29,"Yes","No"))
A30: CS-1029 | B30: 46271 | C30: 46287 | D30: Closed | E30: P3 | F30: Unscheduled repair | G30: Fab A | H30: Chen | I30: Waiting for parts | K30: =_xlfn.XLOOKUP(Cases_Tbl[[#This Row],[Priority]],SLA_Table!$A$2:$A$4,SLA_Table!$B$2:$B$4) -> 10 | L30: =IF(OR(C30="",J30<>""),"",C30-B30) -> 16 | M30: =IF(L30="","",IF(L30<=K30,"Yes","No")) -> No | N30: =B30-WEEKDAY(B30,2)+1 -> 46265 | O30: =IF(C30="","",C30-WEEKDAY(C30,2)+1) -> 46286 | P30: =IF(D30="Open",KPI!$K$13-B30,"") | Q30: =IF(P30="","",IF(P30>K30,"Yes","No"))
A31: CS-1030 | B31: 46271 | C31: 46277 | D31: Closed | E31: P2 | F31: Customer inquiry | G31: Fab A | H31: Lin | I31: Waiting for parts | K31: =_xlfn.XLOOKUP(Cases_Tbl[[#This Row],[Priority]],SLA_Table!$A$2:$A$4,SLA_Table!$B$2:$B$4) -> 5 | L31: =IF(OR(C31="",J31<>""),"",C31-B31) -> 6 | M31: =IF(L31="","",IF(L31<=K31,"Yes","No")) -> No | N31: =B31-WEEKDAY(B31,2)+1 -> 46265 | O31: =IF(C31="","",C31-WEEKDAY(C31,2)+1) -> 46272 | P31: =IF(D31="Open",KPI!$K$13-B31,"") | Q31: =IF(P31="","",IF(P31>K31,"Yes","No"))
A32: CS-1031 | B32: 46272 | C32: 46280 | D32: Closed | E32: P3 | F32: Part replacement | G32: Fab A | H32: Wang | K32: =_xlfn.XLOOKUP(Cases_Tbl[[#This Row],[Priority]],SLA_Table!$A$2:$A$4,SLA_Table!$B$2:$B$4) -> 10 | L32: =IF(OR(C32="",J32<>""),"",C32-B32) -> 8 | M32: =IF(L32="","",IF(L32<=K32,"Yes","No")) -> Yes | N32: =B32-WEEKDAY(B32,2)+1 -> 46272 | O32: =IF(C32="","",C32-WEEKDAY(C32,2)+1) -> 46279 | P32: =IF(D32="Open",KPI!$K$13-B32,"") | Q32: =IF(P32="","",IF(P32>K32,"Yes","No"))
A33: CS-1032 | B33: 46272 | C33: 46278 | D33: Closed | E33: P3 | F33: Part replacement | G33: Fab C | H33: Lin | K33: =_xlfn.XLOOKUP(Cases_Tbl[[#This Row],[Priority]],SLA_Table!$A$2:$A$4,SLA_Table!$B$2:$B$4) -> 10 | L33: =IF(OR(C33="",J33<>""),"",C33-B33) -> 6 | M33: =IF(L33="","",IF(L33<=K33,"Yes","No")) -> Yes | N33: =B33-WEEKDAY(B33,2)+1 -> 46272 | O33: =IF(C33="","",C33-WEEKDAY(C33,2)+1) -> 46272 | P33: =IF(D33="Open",KPI!$K$13-B33,"") | Q33: =IF(P33="","",IF(P33>K33,"Yes","No"))
A34: CS-1033 | B34: 46272 | C34: 46276 | D34: Closed | E34: P2 | F34: Part replacement | G34: Fab A | H34: Tsai | K34: =_xlfn.XLOOKUP(Cases_Tbl[[#This Row],[Priority]],SLA_Table!$A$2:$A$4,SLA_Table!$B$2:$B$4) -> 5 | L34: =IF(OR(C34="",J34<>""),"",C34-B34) -> 4 | M34: =IF(L34="","",IF(L34<=K34,"Yes","No")) -> Yes | N34: =B34-WEEKDAY(B34,2)+1 -> 46272 | O34: =IF(C34="","",C34-WEEKDAY(C34,2)+1) -> 46272 | P34: =IF(D34="Open",KPI!$K$13-B34,"") | Q34: =IF(P34="","",IF(P34>K34,"Yes","No"))
A35: CS-1034 | B35: 46272 | C35: 46277 | D35: Closed | E35: P2 | F35: Part replacement | G35: Fab B | H35: Liu | K35: =_xlfn.XLOOKUP(Cases_Tbl[[#This Row],[Priority]],SLA_Table!$A$2:$A$4,SLA_Table!$B$2:$B$4) -> 5 | L35: =IF(OR(C35="",J35<>""),"",C35-B35) -> 5 | M35: =IF(L35="","",IF(L35<=K35,"Yes","No")) -> Yes | N35: =B35-WEEKDAY(B35,2)+1 -> 46272 | O35: =IF(C35="","",C35-WEEKDAY(C35,2)+1) -> 46272 | P35: =IF(D35="Open",KPI!$K$13-B35,"") | Q35: =IF(P35="","",IF(P35>K35,"Yes","No"))
A36: CS-1035 | B36: 46272 | C36: 46273 | D36: Closed | E36: P1 | F36: Customer inquiry | G36: Fab A | H36: Lin | K36: =_xlfn.XLOOKUP(Cases_Tbl[[#This Row],[Priority]],SLA_Table!$A$2:$A$4,SLA_Table!$B$2:$B$4) -> 2 | L36: =IF(OR(C36="",J36<>""),"",C36-B36) -> 1 | M36: =IF(L36="","",IF(L36<=K36,"Yes","No")) -> Yes | N36: =B36-WEEKDAY(B36,2)+1 -> 46272 | O36: =IF(C36="","",C36-WEEKDAY(C36,2)+1) -> 46272 | P36: =IF(D36="Open",KPI!$K$13-B36,"") | Q36: =IF(P36="","",IF(P36>K36,"Yes","No"))
A37: CS-1036 | B37: 46272 | C37: 46273 | D37: Closed | E37: P1 | F37: Unscheduled repair | G37: Fab C | H37: Wang | K37: =_xlfn.XLOOKUP(Cases_Tbl[[#This Row],[Priority]],SLA_Table!$A$2:$A$4,SLA_Table!$B$2:$B$4) -> 2 | L37: =IF(OR(C37="",J37<>""),"",C37-B37) -> 1 | M37: =IF(L37="","",IF(L37<=K37,"Yes","No")) -> Yes | N37: =B37-WEEKDAY(B37,2)+1 -> 46272 | O37: =IF(C37="","",C37-WEEKDAY(C37,2)+1) -> 46272 | P37: =IF(D37="Open",KPI!$K$13-B37,"") | Q37: =IF(P37="","",IF(P37>K37,"Yes","No"))
A38: CS-1037 | B38: 46273 | C38: 46288 | D38: Closed | E38: P3 | F38: Customer inquiry | G38: Fab B | H38: Chen | I38: Escalated to tech support | K38: =_xlfn.XLOOKUP(Cases_Tbl[[#This Row],[Priority]],SLA_Table!$A$2:$A$4,SLA_Table!$B$2:$B$4) -> 10 | L38: =IF(OR(C38="",J38<>""),"",C38-B38) -> 15 | M38: =IF(L38="","",IF(L38<=K38,"Yes","No")) -> No | N38: =B38-WEEKDAY(B38,2)+1 -> 46272 | O38: =IF(C38="","",C38-WEEKDAY(C38,2)+1) -> 46286 | P38: =IF(D38="Open",KPI!$K$13-B38,"") | Q38: =IF(P38="","",IF(P38>K38,"Yes","No"))
A39: CS-1038 | B39: 46273 | C39: 46280 | D39: Closed | E39: P3 | F39: Customer inquiry | G39: Fab B | H39: Huang | K39: =_xlfn.XLOOKUP(Cases_Tbl[[#This Row],[Priority]],SLA_Table!$A$2:$A$4,SLA_Table!$B$2:$B$4) -> 10 | L39: =IF(OR(C39="",J39<>""),"",C39-B39) -> 7 | M39: =IF(L39="","",IF(L39<=K39,"Yes","No")) -> Yes | N39: =B39-WEEKDAY(B39,2)+1 -> 46272 | O39: =IF(C39="","",C39-WEEKDAY(C39,2)+1) -> 46279 | P39: =IF(D39="Open",KPI!$K$13-B39,"") | Q39: =IF(P39="","",IF(P39>K39,"Yes","No"))
A40: CS-1039 | B40: 46273 | C40: 46277 | D40: Closed | E40: P2 | F40: Part replacement | G40: Fab A | H40: Tsai | K40: =_xlfn.XLOOKUP(Cases_Tbl[[#This Row],[Priority]],SLA_Table!$A$2:$A$4,SLA_Table!$B$2:$B$4) -> 5 | L40: =IF(OR(C40="",J40<>""),"",C40-B40) -> 4 | M40: =IF(L40="","",IF(L40<=K40,"Yes","No")) -> Yes | N40: =B40-WEEKDAY(B40,2)+1 -> 46272 | O40: =IF(C40="","",C40-WEEKDAY(C40,2)+1) -> 46272 | P40: =IF(D40="Open",KPI!$K$13-B40,"") | Q40: =IF(P40="","",IF(P40>K40,"Yes","No"))
A41: CS-1040 | B41: 46273 | C41: 46273 | D41: Closed | E41: P1 | F41: Unscheduled repair | G41: Fab A | H41: Chen | K41: =_xlfn.XLOOKUP(Cases_Tbl[[#This Row],[Priority]],SLA_Table!$A$2:$A$4,SLA_Table!$B$2:$B$4) -> 2 | L41: =IF(OR(C41="",J41<>""),"",C41-B41) -> 0 | M41: =IF(L41="","",IF(L41<=K41,"Yes","No")) -> Yes | N41: =B41-WEEKDAY(B41,2)+1 -> 46272 | O41: =IF(C41="","",C41-WEEKDAY(C41,2)+1) -> 46272 | P41: =IF(D41="Open",KPI!$K$13-B41,"") | Q41: =IF(P41="","",IF(P41>K41,"Yes","No"))
A42: CS-1041 | B42: 46273 | C42: 46276 | D42: Closed | E42: P2 | F42: Part replacement | G42: Fab B | H42: Tsai | K42: =_xlfn.XLOOKUP(Cases_Tbl[[#This Row],[Priority]],SLA_Table!$A$2:$A$4,SLA_Table!$B$2:$B$4) -> 5 | L42: =IF(OR(C42="",J42<>""),"",C42-B42) -> 3 | M42: =IF(L42="","",IF(L42<=K42,"Yes","No")) -> Yes | N42: =B42-WEEKDAY(B42,2)+1 -> 46272 | O42: =IF(C42="","",C42-WEEKDAY(C42,2)+1) -> 46272 | P42: =IF(D42="Open",KPI!$K$13-B42,"") | Q42: =IF(P42="","",IF(P42>K42,"Yes","No"))
A43: CS-1042 | B43: 46273 | C43: 46274 | D43: Closed | E43: P1 | F43: Software / upgrade | G43: Fab C | H43: Lin | K43: =_xlfn.XLOOKUP(Cases_Tbl[[#This Row],[Priority]],SLA_Table!$A$2:$A$4,SLA_Table!$B$2:$B$4) -> 2 | L43: =IF(OR(C43="",J43<>""),"",C43-B43) -> 1 | M43: =IF(L43="","",IF(L43<=K43,"Yes","No")) -> Yes | N43: =B43-WEEKDAY(B43,2)+1 -> 46272 | O43: =IF(C43="","",C43-WEEKDAY(C43,2)+1) -> 46272 | P43: =IF(D43="Open",KPI!$K$13-B43,"") | Q43: =IF(P43="","",IF(P43>K43,"Yes","No"))
A44: CS-1043 | B44: 46273 | C44: 46275 | D44: Closed | E44: P2 | F44: Preventive maintenance | G44: Fab A | H44: Lin | K44: =_xlfn.XLOOKUP(Cases_Tbl[[#This Row],[Priority]],SLA_Table!$A$2:$A$4,SLA_Table!$B$2:$B$4) -> 5 | L44: =IF(OR(C44="",J44<>""),"",C44-B44) -> 2 | M44: =IF(L44="","",IF(L44<=K44,"Yes","No")) -> Yes | N44: =B44-WEEKDAY(B44,2)+1 -> 46272 | O44: =IF(C44="","",C44-WEEKDAY(C44,2)+1) -> 46272 | P44: =IF(D44="Open",KPI!$K$13-B44,"") | Q44: =IF(P44="","",IF(P44>K44,"Yes","No"))
A45: CS-1044 | B45: 46273 | C45: 46282 | D45: Closed | E45: P3 | F45: Preventive maintenance | G45: Fab A | H45: Liu | K45: =_xlfn.XLOOKUP(Cases_Tbl[[#This Row],[Priority]],SLA_Table!$A$2:$A$4,SLA_Table!$B$2:$B$4) -> 10 | L45: =IF(OR(C45="",J45<>""),"",C45-B45) -> 9 | M45: =IF(L45="","",IF(L45<=K45,"Yes","No")) -> Yes | N45: =B45-WEEKDAY(B45,2)+1 -> 46272 | O45: =IF(C45="","",C45-WEEKDAY(C45,2)+1) -> 46279 | P45: =IF(D45="Open",KPI!$K$13-B45,"") | Q45: =IF(P45="","",IF(P45>K45,"Yes","No"))
A46: CS-1045 | B46: 46273 | C46: 46280 | D46: Closed | E46: P3 | F46: Software / upgrade | G46: Fab C | H46: Tsai | K46: =_xlfn.XLOOKUP(Cases_Tbl[[#This Row],[Priority]],SLA_Table!$A$2:$A$4,SLA_Table!$B$2:$B$4) -> 10 | L46: =IF(OR(C46="",J46<>""),"",C46-B46) -> 7 | M46: =IF(L46="","",IF(L46<=K46,"Yes","No")) -> Yes | N46: =B46-WEEKDAY(B46,2)+1 -> 46272 | O46: =IF(C46="","",C46-WEEKDAY(C46,2)+1) -> 46279 | P46: =IF(D46="Open",KPI!$K$13-B46,"") | Q46: =IF(P46="","",IF(P46>K46,"Yes","No"))
A47: CS-1046 | B47: 46273 | C47: 46283 | D47: Closed | E47: P2 | F47: Part replacement | G47: Fab B | H47: Tsai | I47: Waiting for customer | K47: =_xlfn.XLOOKUP(Cases_Tbl[[#This Row],[Priority]],SLA_Table!$A$2:$A$4,SLA_Table!$B$2:$B$4) -> 5 | L47: =IF(OR(C47="",J47<>""),"",C47-B47) -> 10 | M47: =IF(L47="","",IF(L47<=K47,"Yes","No")) -> No | N47: =B47-WEEKDAY(B47,2)+1 -> 46272 | O47: =IF(C47="","",C47-WEEKDAY(C47,2)+1) -> 46279 | P47: =IF(D47="Open",KPI!$K$13-B47,"") | Q47: =IF(P47="","",IF(P47>K47,"Yes","No"))
A48: CS-1047 | B48: 46274 | C48: 46283 | D48: Closed | E48: P2 | F48: Software / upgrade | G48: Fab B | H48: Tsai | I48: Waiting for parts | K48: =_xlfn.XLOOKUP(Cases_Tbl[[#This Row],[Priority]],SLA_Table!$A$2:$A$4,SLA_Table!$B$2:$B$4) -> 5 | L48: =IF(OR(C48="",J48<>""),"",C48-B48) -> 9 | M48: =IF(L48="","",IF(L48<=K48,"Yes","No")) -> No | N48: =B48-WEEKDAY(B48,2)+1 -> 46272 | O48: =IF(C48="","",C48-WEEKDAY(C48,2)+1) -> 46279 | P48: =IF(D48="Open",KPI!$K$13-B48,"") | Q48: =IF(P48="","",IF(P48>K48,"Yes","No"))
A49: CS-1048 | B49: 46274 | C49: 46280 | D49: Closed | E49: P3 | F49: Software / upgrade | G49: Fab B | H49: Huang | K49: =_xlfn.XLOOKUP(Cases_Tbl[[#This Row],[Priority]],SLA_Table!$A$2:$A$4,SLA_Table!$B$2:$B$4) -> 10 | L49: =IF(OR(C49="",J49<>""),"",C49-B49) -> 6 | M49: =IF(L49="","",IF(L49<=K49,"Yes","No")) -> Yes | N49: =B49-WEEKDAY(B49,2)+1 -> 46272 | O49: =IF(C49="","",C49-WEEKDAY(C49,2)+1) -> 46279 | P49: =IF(D49="Open",KPI!$K$13-B49,"") | Q49: =IF(P49="","",IF(P49>K49,"Yes","No"))
A50: CS-1049 | B50: 46274 | C50: 46286 | D50: Closed | E50: P3 | F50: Unscheduled repair | G50: Fab A | H50: Chen | I50: Escalated to tech support | K50: =_xlfn.XLOOKUP(Cases_Tbl[[#This Row],[Priority]],SLA_Table!$A$2:$A$4,SLA_Table!$B$2:$B$4) -> 10 | L50: =IF(OR(C50="",J50<>""),"",C50-B50) -> 12 | M50: =IF(L50="","",IF(L50<=K50,"Yes","No")) -> No | N50: =B50-WEEKDAY(B50,2)+1 -> 46272 | O50: =IF(C50="","",C50-WEEKDAY(C50,2)+1) -> 46286 | P50: =IF(D50="Open",KPI!$K$13-B50,"") | Q50: =IF(P50="","",IF(P50>K50,"Yes","No"))
A51: CS-1050 | B51: 46274 | C51: 46274 | D51: Closed | E51: P1 | F51: Unscheduled repair | G51: Fab B | H51: Huang | K51: =_xlfn.XLOOKUP(Cases_Tbl[[#This Row],[Priority]],SLA_Table!$A$2:$A$4,SLA_Table!$B$2:$B$4) -> 2 | L51: =IF(OR(C51="",J51<>""),"",C51-B51) -> 0 | M51: =IF(L51="","",IF(L51<=K51,"Yes","No")) -> Yes | N51: =B51-WEEKDAY(B51,2)+1 -> 46272 | O51: =IF(C51="","",C51-WEEKDAY(C51,2)+1) -> 46272 | P51: =IF(D51="Open",KPI!$K$13-B51,"") | Q51: =IF(P51="","",IF(P51>K51,"Yes","No"))
A52: CS-1051 | B52: 46274 | C52: 46275 | D52: Closed | E52: P2 | F52: Part replacement | G52: Fab B | H52: Huang | K52: =_xlfn.XLOOKUP(Cases_Tbl[[#This Row],[Priority]],SLA_Table!$A$2:$A$4,SLA_Table!$B$2:$B$4) -> 5 | L52: =IF(OR(C52="",J52<>""),"",C52-B52) -> 1 | M52: =IF(L52="","",IF(L52<=K52,"Yes","No")) -> Yes | N52: =B52-WEEKDAY(B52,2)+1 -> 46272 | O52: =IF(C52="","",C52-WEEKDAY(C52,2)+1) -> 46272 | P52: =IF(D52="Open",KPI!$K$13-B52,"") | Q52: =IF(P52="","",IF(P52>K52,"Yes","No"))
A53: CS-1052 | B53: 46274 | C53: 46286 | D53: Closed | E53: P3 | F53: Customer inquiry | G53: Fab B | H53: Tsai | I53: Waiting for parts | K53: =_xlfn.XLOOKUP(Cases_Tbl[[#This Row],[Priority]],SLA_Table!$A$2:$A$4,SLA_Table!$B$2:$B$4) -> 10 | L53: =IF(OR(C53="",J53<>""),"",C53-B53) -> 12 | M53: =IF(L53="","",IF(L53<=K53,"Yes","No")) -> No | N53: =B53-WEEKDAY(B53,2)+1 -> 46272 | O53: =IF(C53="","",C53-WEEKDAY(C53,2)+1) -> 46286 | P53: =IF(D53="Open",KPI!$K$13-B53,"") | Q53: =IF(P53="","",IF(P53>K53,"Yes","No"))
A54: CS-1053 | B54: 46274 | C54: 46285 | D54: Closed | E54: P3 | F54: Preventive maintenance | G54: Fab A | H54: Liu | I54: Waiting for parts | K54: =_xlfn.XLOOKUP(Cases_Tbl[[#This Row],[Priority]],SLA_Table!$A$2:$A$4,SLA_Table!$B$2:$B$4) -> 10 | L54: =IF(OR(C54="",J54<>""),"",C54-B54) -> 11 | M54: =IF(L54="","",IF(L54<=K54,"Yes","No")) -> No | N54: =B54-WEEKDAY(B54,2)+1 -> 46272 | O54: =IF(C54="","",C54-WEEKDAY(C54,2)+1) -> 46279 | P54: =IF(D54="Open",KPI!$K$13-B54,"") | Q54: =IF(P54="","",IF(P54>K54,"Yes","No"))
A55: CS-1054 | B55: 46274 | C55: 46275 | D55: Closed | E55: P1 | F55: Part replacement | G55: Fab C | H55: Lin | K55: =_xlfn.XLOOKUP(Cases_Tbl[[#This Row],[Priority]],SLA_Table!$A$2:$A$4,SLA_Table!$B$2:$B$4) -> 2 | L55: =IF(OR(C55="",J55<>""),"",C55-B55) -> 1 | M55: =IF(L55="","",IF(L55<=K55,"Yes","No")) -> Yes | N55: =B55-WEEKDAY(B55,2)+1 -> 46272 | O55: =IF(C55="","",C55-WEEKDAY(C55,2)+1) -> 46272 | P55: =IF(D55="Open",KPI!$K$13-B55,"") | Q55: =IF(P55="","",IF(P55>K55,"Yes","No"))
A56: CS-1055 | B56: 46274 | C56: 46280 | D56: Closed | E56: P3 | F56: Unscheduled repair | G56: Fab A | H56: Lin | K56: =_xlfn.XLOOKUP(Cases_Tbl[[#This Row],[Priority]],SLA_Table!$A$2:$A$4,SLA_Table!$B$2:$B$4) -> 10 | L56: =IF(OR(C56="",J56<>""),"",C56-B56) -> 6 | M56: =IF(L56="","",IF(L56<=K56,"Yes","No")) -> Yes | N56: =B56-WEEKDAY(B56,2)+1 -> 46272 | O56: =IF(C56="","",C56-WEEKDAY(C56,2)+1) -> 46279 | P56: =IF(D56="Open",KPI!$K$13-B56,"") | Q56: =IF(P56="","",IF(P56>K56,"Yes","No"))
A57: CS-1056 | B57: 46275 | C57: 46280 | D57: Closed | E57: P2 | F57: Part replacement | G57: Fab A | H57: Liu | K57: =_xlfn.XLOOKUP(Cases_Tbl[[#This Row],[Priority]],SLA_Table!$A$2:$A$4,SLA_Table!$B$2:$B$4) -> 5 | L57: =IF(OR(C57="",J57<>""),"",C57-B57) -> 5 | M57: =IF(L57="","",IF(L57<=K57,"Yes","No")) -> Yes | N57: =B57-WEEKDAY(B57,2)+1 -> 46272 | O57: =IF(C57="","",C57-WEEKDAY(C57,2)+1) -> 46279 | P57: =IF(D57="Open",KPI!$K$13-B57,"") | Q57: =IF(P57="","",IF(P57>K57,"Yes","No"))
A58: CS-1057 | B58: 46275 | C58: 46283 | D58: Closed | E58: P3 | F58: Part replacement | G58: Fab B | H58: Lin | K58: =_xlfn.XLOOKUP(Cases_Tbl[[#This Row],[Priority]],SLA_Table!$A$2:$A$4,SLA_Table!$B$2:$B$4) -> 10 | L58: =IF(OR(C58="",J58<>""),"",C58-B58) -> 8 | M58: =IF(L58="","",IF(L58<=K58,"Yes","No")) -> Yes | N58: =B58-WEEKDAY(B58,2)+1 -> 46272 | O58: =IF(C58="","",C58-WEEKDAY(C58,2)+1) -> 46279 | P58: =IF(D58="Open",KPI!$K$13-B58,"") | Q58: =IF(P58="","",IF(P58>K58,"Yes","No"))
A59: CS-1058 | B59: 46276 | C59: 46286 | D59: Closed | E59: P3 | F59: Part replacement | G59: Fab A | H59: Lin | K59: =_xlfn.XLOOKUP(Cases_Tbl[[#This Row],[Priority]],SLA_Table!$A$2:$A$4,SLA_Table!$B$2:$B$4) -> 10 | L59: =IF(OR(C59="",J59<>""),"",C59-B59) -> 10 | M59: =IF(L59="","",IF(L59<=K59,"Yes","No")) -> Yes | N59: =B59-WEEKDAY(B59,2)+1 -> 46272 | O59: =IF(C59="","",C59-WEEKDAY(C59,2)+1) -> 46286 | P59: =IF(D59="Open",KPI!$K$13-B59,"") | Q59: =IF(P59="","",IF(P59>K59,"Yes","No"))
A60: CS-1059 | B60: 46277 | C60: 46278 | D60: Closed | E60: P1 | F60: Part replacement | G60: Fab B | H60: Liu | K60: =_xlfn.XLOOKUP(Cases_Tbl[[#This Row],[Priority]],SLA_Table!$A$2:$A$4,SLA_Table!$B$2:$B$4) -> 2 | L60: =IF(OR(C60="",J60<>""),"",C60-B60) -> 1 | M60: =IF(L60="","",IF(L60<=K60,"Yes","No")) -> Yes | N60: =B60-WEEKDAY(B60,2)+1 -> 46272 | O60: =IF(C60="","",C60-WEEKDAY(C60,2)+1) -> 46272 | P60: =IF(D60="Open",KPI!$K$13-B60,"") | Q60: =IF(P60="","",IF(P60>K60,"Yes","No"))
A61: CS-1060 | B61: 46277 | C61: 46280 | D61: Closed | E61: P2 | F61: Preventive maintenance | G61: Fab B | H61: Chen | K61: =_xlfn.XLOOKUP(Cases_Tbl[[#This Row],[Priority]],SLA_Table!$A$2:$A$4,SLA_Table!$B$2:$B$4) -> 5 | L61: =IF(OR(C61="",J61<>""),"",C61-B61) -> 3 | M61: =IF(L61="","",IF(L61<=K61,"Yes","No")) -> Yes | N61: =B61-WEEKDAY(B61,2)+1 -> 46272 | O61: =IF(C61="","",C61-WEEKDAY(C61,2)+1) -> 46279 | P61: =IF(D61="Open",KPI!$K$13-B61,"") | Q61: =IF(P61="","",IF(P61>K61,"Yes","No"))
A62: CS-1061 | B62: 46277 | C62: 46279 | D62: Closed | E62: P2 | F62: Customer inquiry | G62: Fab C | H62: Tsai | K62: =_xlfn.XLOOKUP(Cases_Tbl[[#This Row],[Priority]],SLA_Table!$A$2:$A$4,SLA_Table!$B$2:$B$4) -> 5 | L62: =IF(OR(C62="",J62<>""),"",C62-B62) -> 2 | M62: =IF(L62="","",IF(L62<=K62,"Yes","No")) -> Yes | N62: =B62-WEEKDAY(B62,2)+1 -> 46272 | O62: =IF(C62="","",C62-WEEKDAY(C62,2)+1) -> 46279 | P62: =IF(D62="Open",KPI!$K$13-B62,"") | Q62: =IF(P62="","",IF(P62>K62,"Yes","No"))
A63: CS-1062 | B63: 46277 | C63: 46277 | D63: Closed | E63: P1 | F63: Part replacement | G63: Fab C | H63: Wang | K63: =_xlfn.XLOOKUP(Cases_Tbl[[#This Row],[Priority]],SLA_Table!$A$2:$A$4,SLA_Table!$B$2:$B$4) -> 2 | L63: =IF(OR(C63="",J63<>""),"",C63-B63) -> 0 | M63: =IF(L63="","",IF(L63<=K63,"Yes","No")) -> Yes | N63: =B63-WEEKDAY(B63,2)+1 -> 46272 | O63: =IF(C63="","",C63-WEEKDAY(C63,2)+1) -> 46272 | P63: =IF(D63="Open",KPI!$K$13-B63,"") | Q63: =IF(P63="","",IF(P63>K63,"Yes","No"))
A64: CS-1063 | B64: 46277 | C64: 46283 | D64: Closed | E64: P3 | F64: Customer inquiry | G64: Fab C | H64: Chen | K64: =_xlfn.XLOOKUP(Cases_Tbl[[#This Row],[Priority]],SLA_Table!$A$2:$A$4,SLA_Table!$B$2:$B$4) -> 10 | L64: =IF(OR(C64="",J64<>""),"",C64-B64) -> 6 | M64: =IF(L64="","",IF(L64<=K64,"Yes","No")) -> Yes | N64: =B64-WEEKDAY(B64,2)+1 -> 46272 | O64: =IF(C64="","",C64-WEEKDAY(C64,2)+1) -> 46279 | P64: =IF(D64="Open",KPI!$K$13-B64,"") | Q64: =IF(P64="","",IF(P64>K64,"Yes","No"))
A65: CS-1064 | B65: 46277 | C65: 46286 | D65: Closed | E65: P3 | F65: Preventive maintenance | G65: Fab B | H65: Huang | K65: =_xlfn.XLOOKUP(Cases_Tbl[[#This Row],[Priority]],SLA_Table!$A$2:$A$4,SLA_Table!$B$2:$B$4) -> 10 | L65: =IF(OR(C65="",J65<>""),"",C65-B65) -> 9 | M65: =IF(L65="","",IF(L65<=K65,"Yes","No")) -> Yes | N65: =B65-WEEKDAY(B65,2)+1 -> 46272 | O65: =IF(C65="","",C65-WEEKDAY(C65,2)+1) -> 46286 | P65: =IF(D65="Open",KPI!$K$13-B65,"") | Q65: =IF(P65="","",IF(P65>K65,"Yes","No"))
A66: CS-1065 | B66: 46278 | C66: 46283 | D66: Closed | E66: P2 | F66: Part replacement | G66: Fab B | H66: Chen | K66: =_xlfn.XLOOKUP(Cases_Tbl[[#This Row],[Priority]],SLA_Table!$A$2:$A$4,SLA_Table!$B$2:$B$4) -> 5 | L66: =IF(OR(C66="",J66<>""),"",C66-B66) -> 5 | M66: =IF(L66="","",IF(L66<=K66,"Yes","No")) -> Yes | N66: =B66-WEEKDAY(B66,2)+1 -> 46272 | O66: =IF(C66="","",C66-WEEKDAY(C66,2)+1) -> 46279 | P66: =IF(D66="Open",KPI!$K$13-B66,"") | Q66: =IF(P66="","",IF(P66>K66,"Yes","No"))
A67: CS-1066 | B67: 46278 | C67: 46282 | D67: Closed | E67: P1 | F67: Software / upgrade | G67: Fab A | H67: Wang | I67: Waiting for customer | K67: =_xlfn.XLOOKUP(Cases_Tbl[[#This Row],[Priority]],SLA_Table!$A$2:$A$4,SLA_Table!$B$2:$B$4) -> 2 | L67: =IF(OR(C67="",J67<>""),"",C67-B67) -> 4 | M67: =IF(L67="","",IF(L67<=K67,"Yes","No")) -> No | N67: =B67-WEEKDAY(B67,2)+1 -> 46272 | O67: =IF(C67="","",C67-WEEKDAY(C67,2)+1) -> 46279 | P67: =IF(D67="Open",KPI!$K$13-B67,"") | Q67: =IF(P67="","",IF(P67>K67,"Yes","No"))
A68: CS-1067 | B68: 46278 | C68: 46287 | D68: Closed | E68: P3 | F68: Preventive maintenance | G68: Fab C | H68: Tsai | K68: =_xlfn.XLOOKUP(Cases_Tbl[[#This Row],[Priority]],SLA_Table!$A$2:$A$4,SLA_Table!$B$2:$B$4) -> 10 | L68: =IF(OR(C68="",J68<>""),"",C68-B68) -> 9 | M68: =IF(L68="","",IF(L68<=K68,"Yes","No")) -> Yes | N68: =B68-WEEKDAY(B68,2)+1 -> 46272 | O68: =IF(C68="","",C68-WEEKDAY(C68,2)+1) -> 46286 | P68: =IF(D68="Open",KPI!$K$13-B68,"") | Q68: =IF(P68="","",IF(P68>K68,"Yes","No"))
A69: CS-1068 | B69: 46279 | C69: 46286 | D69: Closed | E69: P3 | F69: Software / upgrade | G69: Fab B | H69: Lin | K69: =_xlfn.XLOOKUP(Cases_Tbl[[#This Row],[Priority]],SLA_Table!$A$2:$A$4,SLA_Table!$B$2:$B$4) -> 10 | L69: =IF(OR(C69="",J69<>""),"",C69-B69) -> 7 | M69: =IF(L69="","",IF(L69<=K69,"Yes","No")) -> Yes | N69: =B69-WEEKDAY(B69,2)+1 -> 46279 | O69: =IF(C69="","",C69-WEEKDAY(C69,2)+1) -> 46286 | P69: =IF(D69="Open",KPI!$K$13-B69,"") | Q69: =IF(P69="","",IF(P69>K69,"Yes","No"))
A70: CS-1069 | B70: 46279 | C70: 46280 | D70: Closed | E70: P2 | F70: Unscheduled repair | G70: Fab B | H70: Wang | K70: =_xlfn.XLOOKUP(Cases_Tbl[[#This Row],[Priority]],SLA_Table!$A$2:$A$4,SLA_Table!$B$2:$B$4) -> 5 | L70: =IF(OR(C70="",J70<>""),"",C70-B70) -> 1 | M70: =IF(L70="","",IF(L70<=K70,"Yes","No")) -> Yes | N70: =B70-WEEKDAY(B70,2)+1 -> 46279 | O70: =IF(C70="","",C70-WEEKDAY(C70,2)+1) -> 46279 | P70: =IF(D70="Open",KPI!$K$13-B70,"") | Q70: =IF(P70="","",IF(P70>K70,"Yes","No"))
A71: CS-1070 | B71: 46279 | C71: 46286 | D71: Closed | E71: P3 | F71: Part replacement | G71: Fab C | H71: Lin | K71: =_xlfn.XLOOKUP(Cases_Tbl[[#This Row],[Priority]],SLA_Table!$A$2:$A$4,SLA_Table!$B$2:$B$4) -> 10 | L71: =IF(OR(C71="",J71<>""),"",C71-B71) -> 7 | M71: =IF(L71="","",IF(L71<=K71,"Yes","No")) -> Yes | N71: =B71-WEEKDAY(B71,2)+1 -> 46279 | O71: =IF(C71="","",C71-WEEKDAY(C71,2)+1) -> 46286 | P71: =IF(D71="Open",KPI!$K$13-B71,"") | Q71: =IF(P71="","",IF(P71>K71,"Yes","No"))
A72: CS-1071 | B72: 46279 | C72: 46288 | D72: Closed | E72: P3 | F72: Customer inquiry | G72: Fab A | H72: Huang | K72: =_xlfn.XLOOKUP(Cases_Tbl[[#This Row],[Priority]],SLA_Table!$A$2:$A$4,SLA_Table!$B$2:$B$4) -> 10 | L72: =IF(OR(C72="",J72<>""),"",C72-B72) -> 9 | M72: =IF(L72="","",IF(L72<=K72,"Yes","No")) -> Yes | N72: =B72-WEEKDAY(B72,2)+1 -> 46279 | O72: =IF(C72="","",C72-WEEKDAY(C72,2)+1) -> 46286 | P72: =IF(D72="Open",KPI!$K$13-B72,"") | Q72: =IF(P72="","",IF(P72>K72,"Yes","No"))
A73: CS-1072 | B73: 46279 | C73: 46285 | D73: Closed | E73: P1 | F73: Unscheduled repair | G73: Fab C | H73: Tsai | I73: Waiting for parts | K73: =_xlfn.XLOOKUP(Cases_Tbl[[#This Row],[Priority]],SLA_Table!$A$2:$A$4,SLA_Table!$B$2:$B$4) -> 2 | L73: =IF(OR(C73="",J73<>""),"",C73-B73) -> 6 | M73: =IF(L73="","",IF(L73<=K73,"Yes","No")) -> No | N73: =B73-WEEKDAY(B73,2)+1 -> 46279 | O73: =IF(C73="","",C73-WEEKDAY(C73,2)+1) -> 46279 | P73: =IF(D73="Open",KPI!$K$13-B73,"") | Q73: =IF(P73="","",IF(P73>K73,"Yes","No"))
A74: CS-1073 | B74: 46280 | C74: 46289 | D74: Closed | E74: P3 | F74: Part replacement | G74: Fab C | H74: Huang | K74: =_xlfn.XLOOKUP(Cases_Tbl[[#This Row],[Priority]],SLA_Table!$A$2:$A$4,SLA_Table!$B$2:$B$4) -> 10 | L74: =IF(OR(C74="",J74<>""),"",C74-B74) -> 9 | M74: =IF(L74="","",IF(L74<=K74,"Yes","No")) -> Yes | N74: =B74-WEEKDAY(B74,2)+1 -> 46279 | O74: =IF(C74="","",C74-WEEKDAY(C74,2)+1) -> 46286 | P74: =IF(D74="Open",KPI!$K$13-B74,"") | Q74: =IF(P74="","",IF(P74>K74,"Yes","No"))
A75: CS-1074 | B75: 46280 | C75: 46294 | D75: Closed | E75: P3 | F75: Customer inquiry | G75: Fab C | H75: Chen | I75: Waiting for customer | K75: =_xlfn.XLOOKUP(Cases_Tbl[[#This Row],[Priority]],SLA_Table!$A$2:$A$4,SLA_Table!$B$2:$B$4) -> 10 | L75: =IF(OR(C75="",J75<>""),"",C75-B75) -> 14 | M75: =IF(L75="","",IF(L75<=K75,"Yes","No")) -> No | N75: =B75-WEEKDAY(B75,2)+1 -> 46279 | O75: =IF(C75="","",C75-WEEKDAY(C75,2)+1) -> 46293 | P75: =IF(D75="Open",KPI!$K$13-B75,"") | Q75: =IF(P75="","",IF(P75>K75,"Yes","No"))
A76: CS-1075 | B76: 46280 | C76: 46283 | D76: Closed | E76: P2 | F76: Preventive maintenance | G76: Fab A | H76: Liu | K76: =_xlfn.XLOOKUP(Cases_Tbl[[#This Row],[Priority]],SLA_Table!$A$2:$A$4,SLA_Table!$B$2:$B$4) -> 5 | L76: =IF(OR(C76="",J76<>""),"",C76-B76) -> 3 | M76: =IF(L76="","",IF(L76<=K76,"Yes","No")) -> Yes | N76: =B76-WEEKDAY(B76,2)+1 -> 46279 | O76: =IF(C76="","",C76-WEEKDAY(C76,2)+1) -> 46279 | P76: =IF(D76="Open",KPI!$K$13-B76,"") | Q76: =IF(P76="","",IF(P76>K76,"Yes","No"))
A77: CS-1076 | B77: 46280 | C77: 46290 | D77: Closed | E77: P3 | F77: Unscheduled repair | G77: Fab B | H77: Tsai | K77: =_xlfn.XLOOKUP(Cases_Tbl[[#This Row],[Priority]],SLA_Table!$A$2:$A$4,SLA_Table!$B$2:$B$4) -> 10 | L77: =IF(OR(C77="",J77<>""),"",C77-B77) -> 10 | M77: =IF(L77="","",IF(L77<=K77,"Yes","No")) -> Yes | N77: =B77-WEEKDAY(B77,2)+1 -> 46279 | O77: =IF(C77="","",C77-WEEKDAY(C77,2)+1) -> 46286 | P77: =IF(D77="Open",KPI!$K$13-B77,"") | Q77: =IF(P77="","",IF(P77>K77,"Yes","No"))
A78: CS-1077 | B78: 46280 | C78: 46290 | D78: Closed | E78: P3 | F78: Customer inquiry | G78: Fab C | H78: Wang | K78: =_xlfn.XLOOKUP(Cases_Tbl[[#This Row],[Priority]],SLA_Table!$A$2:$A$4,SLA_Table!$B$2:$B$4) -> 10 | L78: =IF(OR(C78="",J78<>""),"",C78-B78) -> 10 | M78: =IF(L78="","",IF(L78<=K78,"Yes","No")) -> Yes | N78: =B78-WEEKDAY(B78,2)+1 -> 46279 | O78: =IF(C78="","",C78-WEEKDAY(C78,2)+1) -> 46286 | P78: =IF(D78="Open",KPI!$K$13-B78,"") | Q78: =IF(P78="","",IF(P78>K78,"Yes","No"))
A79: CS-1078 | B79: 46281 | C79: 46290 | D79: Closed | E79: P3 | F79: Software / upgrade | G79: Fab A | H79: Tsai | K79: =_xlfn.XLOOKUP(Cases_Tbl[[#This Row],[Priority]],SLA_Table!$A$2:$A$4,SLA_Table!$B$2:$B$4) -> 10 | L79: =IF(OR(C79="",J79<>""),"",C79-B79) -> 9 | M79: =IF(L79="","",IF(L79<=K79,"Yes","No")) -> Yes | N79: =B79-WEEKDAY(B79,2)+1 -> 46279 | O79: =IF(C79="","",C79-WEEKDAY(C79,2)+1) -> 46286 | P79: =IF(D79="Open",KPI!$K$13-B79,"") | Q79: =IF(P79="","",IF(P79>K79,"Yes","No"))
A80: CS-1079 | B80: 46281 | C80: 46288 | D80: Closed | E80: P3 | F80: Part replacement | G80: Fab B | H80: Lin | K80: =_xlfn.XLOOKUP(Cases_Tbl[[#This Row],[Priority]],SLA_Table!$A$2:$A$4,SLA_Table!$B$2:$B$4) -> 10 | L80: =IF(OR(C80="",J80<>""),"",C80-B80) -> 7 | M80: =IF(L80="","",IF(L80<=K80,"Yes","No")) -> Yes | N80: =B80-WEEKDAY(B80,2)+1 -> 46279 | O80: =IF(C80="","",C80-WEEKDAY(C80,2)+1) -> 46286 | P80: =IF(D80="Open",KPI!$K$13-B80,"") | Q80: =IF(P80="","",IF(P80>K80,"Yes","No"))
A81: CS-1080 | B81: 46282 | C81: 46284 | D81: Closed | E81: P1 | F81: Customer inquiry | G81: Fab B | H81: Chen | K81: =_xlfn.XLOOKUP(Cases_Tbl[[#This Row],[Priority]],SLA_Table!$A$2:$A$4,SLA_Table!$B$2:$B$4) -> 2 | L81: =IF(OR(C81="",J81<>""),"",C81-B81) -> 2 | M81: =IF(L81="","",IF(L81<=K81,"Yes","No")) -> Yes | N81: =B81-WEEKDAY(B81,2)+1 -> 46279 | O81: =IF(C81="","",C81-WEEKDAY(C81,2)+1) -> 46279 | P81: =IF(D81="Open",KPI!$K$13-B81,"") | Q81: =IF(P81="","",IF(P81>K81,"Yes","No"))
A82: CS-1081 | B82: 46282 | C82: 46292 | D82: Closed | E82: P3 | F82: Customer inquiry | G82: Fab B | H82: Liu | K82: =_xlfn.XLOOKUP(Cases_Tbl[[#This Row],[Priority]],SLA_Table!$A$2:$A$4,SLA_Table!$B$2:$B$4) -> 10 | L82: =IF(OR(C82="",J82<>""),"",C82-B82) -> 10 | M82: =IF(L82="","",IF(L82<=K82,"Yes","No")) -> Yes | N82: =B82-WEEKDAY(B82,2)+1 -> 46279 | O82: =IF(C82="","",C82-WEEKDAY(C82,2)+1) -> 46286 | P82: =IF(D82="Open",KPI!$K$13-B82,"") | Q82: =IF(P82="","",IF(P82>K82,"Yes","No"))
A83: CS-1082 | B83: 46282 | C83: 46290 | D83: Closed | E83: P3 | F83: Part replacement | G83: Fab B | H83: Lin | K83: =_xlfn.XLOOKUP(Cases_Tbl[[#This Row],[Priority]],SLA_Table!$A$2:$A$4,SLA_Table!$B$2:$B$4) -> 10 | L83: =IF(OR(C83="",J83<>""),"",C83-B83) -> 8 | M83: =IF(L83="","",IF(L83<=K83,"Yes","No")) -> Yes | N83: =B83-WEEKDAY(B83,2)+1 -> 46279 | O83: =IF(C83="","",C83-WEEKDAY(C83,2)+1) -> 46286 | P83: =IF(D83="Open",KPI!$K$13-B83,"") | Q83: =IF(P83="","",IF(P83>K83,"Yes","No"))
A84: CS-1083 | B84: 46282 | C84: 46294 | D84: Closed | E84: P3 | F84: Preventive maintenance | G84: Fab B | H84: Tsai | I84: Waiting for customer | K84: =_xlfn.XLOOKUP(Cases_Tbl[[#This Row],[Priority]],SLA_Table!$A$2:$A$4,SLA_Table!$B$2:$B$4) -> 10 | L84: =IF(OR(C84="",J84<>""),"",C84-B84) -> 12 | M84: =IF(L84="","",IF(L84<=K84,"Yes","No")) -> No | N84: =B84-WEEKDAY(B84,2)+1 -> 46279 | O84: =IF(C84="","",C84-WEEKDAY(C84,2)+1) -> 46293 | P84: =IF(D84="Open",KPI!$K$13-B84,"") | Q84: =IF(P84="","",IF(P84>K84,"Yes","No"))
A85: CS-1084 | B85: 46282 | C85: 46286 | D85: Closed | E85: P2 | F85: Part replacement | G85: Fab A | H85: Huang | K85: =_xlfn.XLOOKUP(Cases_Tbl[[#This Row],[Priority]],SLA_Table!$A$2:$A$4,SLA_Table!$B$2:$B$4) -> 5 | L85: =IF(OR(C85="",J85<>""),"",C85-B85) -> 4 | M85: =IF(L85="","",IF(L85<=K85,"Yes","No")) -> Yes | N85: =B85-WEEKDAY(B85,2)+1 -> 46279 | O85: =IF(C85="","",C85-WEEKDAY(C85,2)+1) -> 46286 | P85: =IF(D85="Open",KPI!$K$13-B85,"") | Q85: =IF(P85="","",IF(P85>K85,"Yes","No"))
A86: CS-1085 | B86: 46282 | C86: 46282 | D86: Closed | E86: P1 | F86: Preventive maintenance | G86: Fab B | H86: Lin | K86: =_xlfn.XLOOKUP(Cases_Tbl[[#This Row],[Priority]],SLA_Table!$A$2:$A$4,SLA_Table!$B$2:$B$4) -> 2 | L86: =IF(OR(C86="",J86<>""),"",C86-B86) -> 0 | M86: =IF(L86="","",IF(L86<=K86,"Yes","No")) -> Yes | N86: =B86-WEEKDAY(B86,2)+1 -> 46279 | O86: =IF(C86="","",C86-WEEKDAY(C86,2)+1) -> 46279 | P86: =IF(D86="Open",KPI!$K$13-B86,"") | Q86: =IF(P86="","",IF(P86>K86,"Yes","No"))
A87: CS-1086 | B87: 46283 | C87: 46293 | D87: Closed | E87: P3 | F87: Part replacement | G87: Fab A | H87: Liu | K87: =_xlfn.XLOOKUP(Cases_Tbl[[#This Row],[Priority]],SLA_Table!$A$2:$A$4,SLA_Table!$B$2:$B$4) -> 10 | L87: =IF(OR(C87="",J87<>""),"",C87-B87) -> 10 | M87: =IF(L87="","",IF(L87<=K87,"Yes","No")) -> Yes | N87: =B87-WEEKDAY(B87,2)+1 -> 46279 | O87: =IF(C87="","",C87-WEEKDAY(C87,2)+1) -> 46293 | P87: =IF(D87="Open",KPI!$K$13-B87,"") | Q87: =IF(P87="","",IF(P87>K87,"Yes","No"))
A88: CS-1087 | B88: 46283 | C88: 46288 | D88: Closed | E88: P2 | F88: Part replacement | G88: Fab B | H88: Huang | K88: =_xlfn.XLOOKUP(Cases_Tbl[[#This Row],[Priority]],SLA_Table!$A$2:$A$4,SLA_Table!$B$2:$B$4) -> 5 | L88: =IF(OR(C88="",J88<>""),"",C88-B88) -> 5 | M88: =IF(L88="","",IF(L88<=K88,"Yes","No")) -> Yes | N88: =B88-WEEKDAY(B88,2)+1 -> 46279 | O88: =IF(C88="","",C88-WEEKDAY(C88,2)+1) -> 46286 | P88: =IF(D88="Open",KPI!$K$13-B88,"") | Q88: =IF(P88="","",IF(P88>K88,"Yes","No"))
A89: CS-1088 | B89: 46283 | C89: 46289 | D89: Closed | E89: P2 | F89: Preventive maintenance | G89: Fab B | H89: Lin | I89: Waiting for parts | K89: =_xlfn.XLOOKUP(Cases_Tbl[[#This Row],[Priority]],SLA_Table!$A$2:$A$4,SLA_Table!$B$2:$B$4) -> 5 | L89: =IF(OR(C89="",J89<>""),"",C89-B89) -> 6 | M89: =IF(L89="","",IF(L89<=K89,"Yes","No")) -> No | N89: =B89-WEEKDAY(B89,2)+1 -> 46279 | O89: =IF(C89="","",C89-WEEKDAY(C89,2)+1) -> 46286 | P89: =IF(D89="Open",KPI!$K$13-B89,"") | Q89: =IF(P89="","",IF(P89>K89,"Yes","No"))
A90: CS-1089 | B90: 46283 | C90: 46289 | D90: Closed | E90: P3 | F90: Preventive maintenance | G90: Fab B | H90: Lin | K90: =_xlfn.XLOOKUP(Cases_Tbl[[#This Row],[Priority]],SLA_Table!$A$2:$A$4,SLA_Table!$B$2:$B$4) -> 10 | L90: =IF(OR(C90="",J90<>""),"",C90-B90) -> 6 | M90: =IF(L90="","",IF(L90<=K90,"Yes","No")) -> Yes | N90: =B90-WEEKDAY(B90,2)+1 -> 46279 | O90: =IF(C90="","",C90-WEEKDAY(C90,2)+1) -> 46286 | P90: =IF(D90="Open",KPI!$K$13-B90,"") | Q90: =IF(P90="","",IF(P90>K90,"Yes","No"))
A91: CS-1090 | B91: 46283 | C91: 46291 | D91: Closed | E91: P3 | F91: Part replacement | G91: Fab A | H91: Chen | K91: =_xlfn.XLOOKUP(Cases_Tbl[[#This Row],[Priority]],SLA_Table!$A$2:$A$4,SLA_Table!$B$2:$B$4) -> 10 | L91: =IF(OR(C91="",J91<>""),"",C91-B91) -> 8 | M91: =IF(L91="","",IF(L91<=K91,"Yes","No")) -> Yes | N91: =B91-WEEKDAY(B91,2)+1 -> 46279 | O91: =IF(C91="","",C91-WEEKDAY(C91,2)+1) -> 46286 | P91: =IF(D91="Open",KPI!$K$13-B91,"") | Q91: =IF(P91="","",IF(P91>K91,"Yes","No"))
A92: CS-1091 | B92: 46283 | C92: 46286 | D92: Closed | E92: P2 | F92: Software / upgrade | G92: Fab B | H92: Tsai | K92: =_xlfn.XLOOKUP(Cases_Tbl[[#This Row],[Priority]],SLA_Table!$A$2:$A$4,SLA_Table!$B$2:$B$4) -> 5 | L92: =IF(OR(C92="",J92<>""),"",C92-B92) -> 3 | M92: =IF(L92="","",IF(L92<=K92,"Yes","No")) -> Yes | N92: =B92-WEEKDAY(B92,2)+1 -> 46279 | O92: =IF(C92="","",C92-WEEKDAY(C92,2)+1) -> 46286 | P92: =IF(D92="Open",KPI!$K$13-B92,"") | Q92: =IF(P92="","",IF(P92>K92,"Yes","No"))
A93: CS-1092 | B93: 46283 | C93: 46292 | D93: Closed | E93: P3 | F93: Preventive maintenance | G93: Fab B | H93: Huang | K93: =_xlfn.XLOOKUP(Cases_Tbl[[#This Row],[Priority]],SLA_Table!$A$2:$A$4,SLA_Table!$B$2:$B$4) -> 10 | L93: =IF(OR(C93="",J93<>""),"",C93-B93) -> 9 | M93: =IF(L93="","",IF(L93<=K93,"Yes","No")) -> Yes | N93: =B93-WEEKDAY(B93,2)+1 -> 46279 | O93: =IF(C93="","",C93-WEEKDAY(C93,2)+1) -> 46286 | P93: =IF(D93="Open",KPI!$K$13-B93,"") | Q93: =IF(P93="","",IF(P93>K93,"Yes","No"))
A94: CS-1093 | B94: 46283 | C94: 46286 | D94: Closed | E94: P2 | F94: Software / upgrade | G94: Fab C | H94: Wang | K94: =_xlfn.XLOOKUP(Cases_Tbl[[#This Row],[Priority]],SLA_Table!$A$2:$A$4,SLA_Table!$B$2:$B$4) -> 5 | L94: =IF(OR(C94="",J94<>""),"",C94-B94) -> 3 | M94: =IF(L94="","",IF(L94<=K94,"Yes","No")) -> Yes | N94: =B94-WEEKDAY(B94,2)+1 -> 46279 | O94: =IF(C94="","",C94-WEEKDAY(C94,2)+1) -> 46286 | P94: =IF(D94="Open",KPI!$K$13-B94,"") | Q94: =IF(P94="","",IF(P94>K94,"Yes","No"))
A95: CS-1094 | B95: 46284 | C95: 46285 | D95: Closed | E95: P2 | F95: Customer inquiry | G95: Fab B | H95: Chen | K95: =_xlfn.XLOOKUP(Cases_Tbl[[#This Row],[Priority]],SLA_Table!$A$2:$A$4,SLA_Table!$B$2:$B$4) -> 5 | L95: =IF(OR(C95="",J95<>""),"",C95-B95) -> 1 | M95: =IF(L95="","",IF(L95<=K95,"Yes","No")) -> Yes | N95: =B95-WEEKDAY(B95,2)+1 -> 46279 | O95: =IF(C95="","",C95-WEEKDAY(C95,2)+1) -> 46279 | P95: =IF(D95="Open",KPI!$K$13-B95,"") | Q95: =IF(P95="","",IF(P95>K95,"Yes","No"))
A96: CS-1095 | B96: 46284 | C96: 46291 | D96: Closed | E96: P3 | F96: Customer inquiry | G96: Fab B | H96: Wang | K96: =_xlfn.XLOOKUP(Cases_Tbl[[#This Row],[Priority]],SLA_Table!$A$2:$A$4,SLA_Table!$B$2:$B$4) -> 10 | L96: =IF(OR(C96="",J96<>""),"",C96-B96) -> 7 | M96: =IF(L96="","",IF(L96<=K96,"Yes","No")) -> Yes | N96: =B96-WEEKDAY(B96,2)+1 -> 46279 | O96: =IF(C96="","",C96-WEEKDAY(C96,2)+1) -> 46286 | P96: =IF(D96="Open",KPI!$K$13-B96,"") | Q96: =IF(P96="","",IF(P96>K96,"Yes","No"))
A97: CS-1096 | B97: 46284 | C97: 46286 | D97: Closed | E97: P2 | F97: Software / upgrade | G97: Fab B | H97: Tsai | K97: =_xlfn.XLOOKUP(Cases_Tbl[[#This Row],[Priority]],SLA_Table!$A$2:$A$4,SLA_Table!$B$2:$B$4) -> 5 | L97: =IF(OR(C97="",J97<>""),"",C97-B97) -> 2 | M97: =IF(L97="","",IF(L97<=K97,"Yes","No")) -> Yes | N97: =B97-WEEKDAY(B97,2)+1 -> 46279 | O97: =IF(C97="","",C97-WEEKDAY(C97,2)+1) -> 46286 | P97: =IF(D97="Open",KPI!$K$13-B97,"") | Q97: =IF(P97="","",IF(P97>K97,"Yes","No"))
A98: CS-1097 | B98: 46284 | C98: 46284 | D98: Closed | E98: P1 | F98: Part replacement | G98: Fab C | H98: Wang | K98: =_xlfn.XLOOKUP(Cases_Tbl[[#This Row],[Priority]],SLA_Table!$A$2:$A$4,SLA_Table!$B$2:$B$4) -> 2 | L98: =IF(OR(C98="",J98<>""),"",C98-B98) -> 0 | M98: =IF(L98="","",IF(L98<=K98,"Yes","No")) -> Yes | N98: =B98-WEEKDAY(B98,2)+1 -> 46279 | O98: =IF(C98="","",C98-WEEKDAY(C98,2)+1) -> 46279 | P98: =IF(D98="Open",KPI!$K$13-B98,"") | Q98: =IF(P98="","",IF(P98>K98,"Yes","No"))
A99: CS-1098 | B99: 46284 | C99: 46295 | D99: Closed | E99: P3 | F99: Part replacement | G99: Fab A | H99: Liu | I99: Waiting for engineer | K99: =_xlfn.XLOOKUP(Cases_Tbl[[#This Row],[Priority]],SLA_Table!$A$2:$A$4,SLA_Table!$B$2:$B$4) -> 10 | L99: =IF(OR(C99="",J99<>""),"",C99-B99) -> 11 | M99: =IF(L99="","",IF(L99<=K99,"Yes","No")) -> No | N99: =B99-WEEKDAY(B99,2)+1 -> 46279 | O99: =IF(C99="","",C99-WEEKDAY(C99,2)+1) -> 46293 | P99: =IF(D99="Open",KPI!$K$13-B99,"") | Q99: =IF(P99="","",IF(P99>K99,"Yes","No"))
A100: CS-1099 | B100: 46284 | C100: 46295 | D100: Closed | E100: P2 | F100: Part replacement | G100: Fab A | H100: Wang | I100: Waiting for engineer | K100: =_xlfn.XLOOKUP(Cases_Tbl[[#This Row],[Priority]],SLA_Table!$A$2:$A$4,SLA_Table!$B$2:$B$4) -> 5 | L100: =IF(OR(C100="",J100<>""),"",C100-B100) -> 11 | M100: =IF(L100="","",IF(L100<=K100,"Yes","No")) -> No | N100: =B100-WEEKDAY(B100,2)+1 -> 46279 | O100: =IF(C100="","",C100-WEEKDAY(C100,2)+1) -> 46293 | P100: =IF(D100="Open",KPI!$K$13-B100,"") | Q100: =IF(P100="","",IF(P100>K100,"Yes","No"))
...

Sheet Cleaning_Log
A1: 欄位（問題出在哪一欄） | B1: 問題（看到什麼不對） | C1: 影響筆數 | D1: 處理方式
A2: Priority | B2: 寫法不一致：小寫、尾端多空格、寫成 Priority 3 | C2: 5 | D2: 用 EXACT 公式找出非標準寫法，手動改為 P1／P2／P3
A3: Owner | B3: 負責人空白 | C3: 6 | D3: 填入 Unassigned，標記為需向團隊確認，不自行推測負責人
A4: Owner | B4: 名字尾端多空格，同一人會被算成兩人 | C4: 5 | D4: 用 EXACT＋TRIM 公式找出，重新輸入正確名字
A5: Open_Date | B5: 日期存成文字，且格式不一（年/月/日、月-日-年、日.月.年），無法計算天數 | C5: 9 | D5: 用 ISNUMBER 找出文字日期，依資料期間判斷日月順序後改成標準日期
A6: Delay_Reason | B6: 同一原因有多種寫法：簡寫、小寫、尾端空格 | C6: 8 | D6: 以 4 種標準分類為準，用公式找出非標準值後統一改寫
A7: Case_ID | B7: 同一案件重複輸入，會讓開案數與逾期率偏高 | C7: 6 | D7: 用 COUNTIF 累計次數找出第二次出現的列，確認整列內容相同後刪除，保留第一筆
A8: Open_Date / Close_Date | B8: 結案日早於開案日 | C8: 3 | D8: 無法判斷哪個日期錯，不自行修改；新增 Data_Flag 標記為待確認，計算處理天數時排除
